site,flux,flux_y0,flux_y1,soil,soil_y0,soil_y1,lat,lon,igbp,n_halfhour,has_soil,grid_idx,grid_dist_km
AR-Bal,/perm/pad/fluxnet-shuttle-ecland/flux/shuttle-all775-era5/AR-Bal_2012-2013_FLUXNET2015_Flux.nc,2012,2013,/perm/pad/fluxnet-shuttle-ecland/soil/shuttle-all775-era5/soil_AR-Bal_2012-2013.nc,2012.0,2013.0,-37.75960159301758,-58.302398681640625,CRO,35088,True,435848,5.116446733779745
AR-CCa,/perm/pad/fluxnet-shuttle-ecland/flux/shuttle-all775-era5/AR-CCa_2013-2020_FLUXNET2015_Flux.nc,2013,2020,,,,-35.62099838256836,-61.31809997558594,CRO,140256,False,427199,7.976830682162772
AR-CCg,/perm/pad/fluxnet-shuttle-ecland/flux/shuttle-all775-era5/AR-CCg_2018-2024_FLUXNET2015_Flux.nc,2018,2024,,,,-35.924400329589844,-61.18550109863281,GRA,122736,False,428279,16.864620536438554
AR-TF1,/perm/pad/fluxnet-shuttle-ecland/flux/shuttle-all775-era5/AR-TF1_2017-2017_FLUXNET2015_Flux.nc,2017,2017,,,,-54.97330093383789,-66.7334976196289,WET,17520,False,491917,11.478479804257844
AR-TF2,/perm/pad/fluxnet-shuttle-ecland/flux/shuttle-all775-era5/AR-TF2_2017-2017_FLUXNET2015_Flux.nc,2017,2017,,,,-54.826900482177734,-68.45490264892578,WET,17520,False,491913,12.783335479941039
AT-Mmg,/perm/pad/fluxnet-shuttle-ecland/flux/shuttle-all775-era5/AT-Mmg_2022-2024_FLUXNET2015_Flux.nc,2022,2024,/perm/pad/fluxnet-shuttle-ecland/soil/shuttle-all775-era5/soil_AT-Mmg_2021-2024.nc,2021.0,2024.0,47.31656265258789,10.970088958740234,ENF,52608,True,72776,13.46329291756555
AT-Neu,/perm/pad/fluxnet-shuttle-ecland/flux/shuttle-all775-era5/AT-Neu_2002-2019_FLUXNET2015_Flux.nc,2002,2019,/perm/pad/fluxnet-shuttle-ecland/soil/shuttle-all775-era5/soil_AT-Neu_2002-2020.nc,2002.0,2020.0,47.116668701171875,11.317500114440918,GRA,315552,True,73677,10.156304118117164
AT-Nsd,/perm/pad/fluxnet-shuttle-ecland/flux/shuttle-all775-era5/AT-Nsd_2019-2022_FLUXNET2015_Flux.nc,2019,2022,/perm/pad/fluxnet-shuttle-ecland/soil/shuttle-all775-era5/soil_AT-Nsd_2018-2022.nc,2018.0,2022.0,47.76913833618164,16.75849151611328,WET,70128,True,71891,15.274558937636998
AT-PsM,/perm/pad/fluxnet-shuttle-ecland/flux/shuttle-all775-era5/AT-PsM_2016-2019_FLUXNET2015_Flux.nc,2016,2019,/perm/pad/fluxnet-shuttle-ecland/soil/shuttle-all775-era5/soil_AT-PsM_2015-2019.nc,2015.0,2019.0,47.581451416015625,14.347196578979492,WET,70128,True,71885,7.116927762893535
AT-Zoe,/perm/pad/fluxnet-shuttle-ecland/flux/shuttle-all775-era5/AT-Zoe_2015-2023_FLUXNET2015_Flux.nc,2015,2023,,,,47.842247009277344,14.444136619567871,MF,157776,False,70985,8.803002394592005
AU-APL,/perm/pad/fluxnet-shuttle-ecland/flux/shuttle-all775-era5/AU-APL_2018-2021_FLUXNET2015_Flux.nc,2018,2021,/perm/pad/fluxnet-shuttle-ecland/soil/shuttle-all775-era5/soil_AU-APL_2017-2022.nc,2017.0,2022.0,-36.862220764160156,147.32083129882812,WET,70128,True,432145,10.430505792493918
AU-ASM,/perm/pad/fluxnet-shuttle-ecland/flux/shuttle-all775-era5/AU-ASM_2011-2025_FLUXNET2015_Flux.nc,2011,2025,/perm/pad/fluxnet-shuttle-ecland/soil/shuttle-all775-era5/soil_AU-ASM_2010-2025.nc,2010.0,2025.0,-22.283000946044922,133.24899291992188,ENF,262992,True,372285,10.871343514354402
AU-Ade,/perm/pad/fluxnet-shuttle-ecland/flux/shuttle-all775-era5/AU-Ade_2008-2008_FLUXNET2015_Flux.nc,2008,2008,/perm/pad/fluxnet-shuttle-ecland/soil/shuttle-all775-era5/soil_AU-Ade_2007-2009.nc,2007.0,2009.0,-13.076899528503418,131.1177978515625,WSA,17568,True,330386,6.072301631909192
AU-Boy,/perm/pad/fluxnet-shuttle-ecland/flux/shuttle-all775-era5/AU-Boy_2018-2024_FLUXNET2015_Flux.nc,2018,2024,/perm/pad/fluxnet-shuttle-ecland/soil/shuttle-all775-era5/soil_AU-Boy_2017-2025.nc,2017.0,2025.0,-32.47709274291992,116.93856048583984,EBF,122736,True,414473,13.153605206501224
AU-Col,/perm/pad/fluxnet-shuttle-ecland/flux/shuttle-all775-era5/AU-Col_2018-2018_FLUXNET2015_Flux.nc,2018,2018,/perm/pad/fluxnet-shuttle-ecland/soil/shuttle-all775-era5/soil_AU-Col_2017-2019.nc,2017.0,2019.0,-33.41999816894531,116.23699951171875,EBF,17520,True,417846,14.933627191225009
AU-Cow,/perm/pad/fluxnet-shuttle-ecland/flux/shuttle-all775-era5/AU-Cow_2009-2024_FLUXNET2015_Flux.nc,2009,2024,/perm/pad/fluxnet-shuttle-ecland/soil/shuttle-all775-era5/soil_AU-Cow_2009-2025.nc,2009.0,2025.0,-16.238189697265625,145.42715454101562,EBF,280512,True,344517,9.057557252978937
AU-Cpr,/perm/pad/fluxnet-shuttle-ecland/flux/shuttle-all775-era5/AU-Cpr_2011-2025_FLUXNET2015_Flux.nc,2011,2025,/perm/pad/fluxnet-shuttle-ecland/soil/shuttle-all775-era5/soil_AU-Cpr_2010-2025.nc,2010.0,2025.0,-34.00205993652344,140.58912658691406,SAV,262992,True,420172,18.343776006645196
AU-Cum,/perm/pad/fluxnet-shuttle-ecland/flux/shuttle-all775-era5/AU-Cum_2014-2025_FLUXNET2015_Flux.nc,2014,2025,/perm/pad/fluxnet-shuttle-ecland/soil/shuttle-all775-era5/soil_AU-Cum_2014-2025.nc,2014.0,2025.0,-33.61329650878906,150.72247314453125,EBF,210384,True,419079,3.3625537186446923
AU-DaS,/perm/pad/fluxnet-shuttle-ecland/flux/shuttle-all775-era5/AU-DaS_2008-2025_FLUXNET2015_Flux.nc,2008,2025,/perm/pad/fluxnet-shuttle-ecland/soil/shuttle-all775-era5/soil_AU-DaS_2007-2025.nc,2007.0,2025.0,-14.159282684326172,131.38800048828125,SAV,315600,True,335507,6.001701672444501
AU-Dry,/perm/pad/fluxnet-shuttle-ecland/flux/shuttle-all775-era5/AU-Dry_2010-2024_FLUXNET2015_Flux.nc,2010,2024,/perm/pad/fluxnet-shuttle-ecland/soil/shuttle-all775-era5/soil_AU-Dry_2009-2025.nc,2009.0,2025.0,-15.25879955291748,132.37060546875,SAV,262992,True,340631,12.308185959496376
AU-Emr,/perm/pad/fluxnet-shuttle-ecland/flux/shuttle-all775-era5/AU-Emr_2012-2013_FLUXNET2015_Flux.nc,2012,2013,/perm/pad/fluxnet-shuttle-ecland/soil/shuttle-all775-era5/soil_AU-Emr_2011-2013.nc,2011.0,2013.0,-23.858699798583984,148.47459411621094,GRA,35088,True,378360,12.679473585674423
AU-Fle,/perm/pad/fluxnet-shuttle-ecland/flux/shuttle-all775-era5/AU-Fle_2023-2025_FLUXNET2015_Flux.nc,2023,2025,/perm/pad/fluxnet-shuttle-ecland/soil/shuttle-all775-era5/soil_AU-Fle_2022-2025.nc,2022.0,2025.0,-19.887285232543945,146.1891326904297,SAV,52608,True,361160,10.460341040649594
AU-Fog,/perm/pad/fluxnet-shuttle-ecland/flux/shuttle-all775-era5/AU-Fog_2007-2007_FLUXNET2015_Flux.nc,2007,2007,/perm/pad/fluxnet-shuttle-ecland/soil/shuttle-all775-era5/soil_AU-Fog_2006-2008.nc,2006.0,2008.0,-12.54520034790039,131.3072052001953,WET,17520,True,327827,5.905993109505638
AU-GWW,/perm/pad/fluxnet-shuttle-ecland/flux/shuttle-all775-era5/AU-GWW_2013-2024_FLUXNET2015_Flux.nc,2013,2024,/perm/pad/fluxnet-shuttle-ecland/soil/shuttle-all775-era5/soil_AU-GWW_2013-2025.nc,2013.0,2025.0,-30.191299438476562,120.65409851074219,SAV,210384,True,405467,3.536071703534637
AU-Gin,/perm/pad/fluxnet-shuttle-ecland/flux/shuttle-all775-era5/AU-Gin_2012-2024_FLUXNET2015_Flux.nc,2012,2024,/perm/pad/fluxnet-shuttle-ecland/soil/shuttle-all775-era5/soil_AU-Gin_2011-2025.nc,2011.0,2025.0,-31.375,115.6500015258789,WSA,227952,True,409969,13.125653213189663
AU-How,/perm/pad/fluxnet-shuttle-ecland/flux/shuttle-all775-era5/AU-How_2002-2024_FLUXNET2015_Flux.nc,2002,2024,/perm/pad/fluxnet-shuttle-ecland/soil/shuttle-all775-era5/soil_AU-How_2002-2025.nc,2002.0,2025.0,-12.495200157165527,131.14999389648438,WSA,403248,True,327826,9.571794418093774
AU-Lit,/perm/pad/fluxnet-shuttle-ecland/flux/shuttle-all775-era5/AU-Lit_2016-2024_FLUXNET2015_Flux.nc,2016,2024,/perm/pad/fluxnet-shuttle-ecland/soil/shuttle-all775-era5/soil_AU-Lit_2015-2025.nc,2015.0,2025.0,-13.17903995513916,130.79449462890625,WSA,157824,True,330385,12.439864838267013
AU-Lon,/perm/pad/fluxnet-shuttle-ecland/flux/shuttle-all775-era5/AU-Lon_2019-2024_FLUXNET2015_Flux.nc,2019,2024,/perm/pad/fluxnet-shuttle-ecland/soil/shuttle-all775-era5/soil_AU-Lon_2018-2024.nc,2018.0,2024.0,-23.523265838623047,144.31040954589844,GRA,105216,True,377146,6.451753820650449
AU-Lox,/perm/pad/fluxnet-shuttle-ecland/flux/shuttle-all775-era5/AU-Lox_2008-2009_FLUXNET2015_Flux.nc,2008,2009,/perm/pad/fluxnet-shuttle-ecland/soil/shuttle-all775-era5/soil_AU-Lox_2008-2009.nc,2008.0,2009.0,-34.470401763916016,140.6551055908203,DBF,35088,True,422405,5.026129526098632
AU-MvA,/perm/pad/fluxnet-shuttle-ecland/flux/shuttle-all775-era5/AU-MvA_2024-2024_FLUXNET2015_Flux.nc,2024,2024,/perm/pad/fluxnet-shuttle-ecland/soil/shuttle-all775-era5/soil_AU-MvA_2023-2024.nc,2023.0,2024.0,-30.542999267578125,150.02000427246094,CRO,17568,True,406702,8.090072650729672
AU-MvB,/perm/pad/fluxnet-shuttle-ecland/flux/shuttle-all775-era5/AU-MvB_2024-2024_FLUXNET2015_Flux.nc,2024,2024,/perm/pad/fluxnet-shuttle-ecland/soil/shuttle-all775-era5/soil_AU-MvB_2024-2024.nc,2024.0,2024.0,-30.69700050354004,150.08999633789062,CRO,17568,True,407827,8.485074683307879
AU-Otw,/perm/pad/fluxnet-shuttle-ecland/flux/shuttle-all775-era5/AU-Otw_2008-2010_FLUXNET2015_Flux.nc,2008,2010,/perm/pad/fluxnet-shuttle-ecland/soil/shuttle-all775-era5/soil_AU-Otw_2007-2010.nc,2007.0,2010.0,-38.53234100341797,142.81680297851562,GRA,26304,True,437509,20.39696083977052
AU-RDF,/perm/pad/fluxnet-shuttle-ecland/flux/shuttle-all775-era5/AU-RDF_2012-2012_FLUXNET2015_Flux.nc,2012,2012,/perm/pad/fluxnet-shuttle-ecland/soil/shuttle-all775-era5/soil_AU-RDF_2011-2013.nc,2011.0,2013.0,-14.563599586486816,132.47760009765625,WSA,17568,True,336791,10.112138548855818
AU-Rgf,/perm/pad/fluxnet-shuttle-ecland/flux/shuttle-all775-era5/AU-Rgf_2016-2024_FLUXNET2015_Flux.nc,2016,2024,/perm/pad/fluxnet-shuttle-ecland/soil/shuttle-all775-era5/soil_AU-Rgf_2015-2025.nc,2015.0,2025.0,-32.506099700927734,116.96682739257812,CRO,157824,True,414474,15.292023156967396
AU-Rig,/perm/pad/fluxnet-shuttle-ecland/flux/shuttle-all775-era5/AU-Rig_2011-2016_FLUXNET2015_Flux.nc,2011,2016,/perm/pad/fluxnet-shuttle-ecland/soil/shuttle-all775-era5/soil_AU-Rig_2011-2017.nc,2011.0,2017.0,-36.649898529052734,145.57589721679688,GRA,105216,True,431060,8.544613846517084
AU-Rob,/perm/pad/fluxnet-shuttle-ecland/flux/shuttle-all775-era5/AU-Rob_2014-2024_FLUXNET2015_Flux.nc,2014,2024,/perm/pad/fluxnet-shuttle-ecland/soil/shuttle-all775-era5/soil_AU-Rob_2013-2025.nc,2013.0,2025.0,-17.11750030517578,145.63009643554688,EBF,192864,True,348358,14.18519826804356
AU-Sam,/perm/pad/fluxnet-shuttle-ecland/flux/shuttle-all775-era5/AU-Sam_2011-2017_FLUXNET2015_Flux.nc,2011,2017,/perm/pad/fluxnet-shuttle-ecland/soil/shuttle-all775-era5/soil_AU-Sam_2010-2017.nc,2010.0,2017.0,-27.388099670410156,152.8778076171875,GRA,122736,True,393975,12.141557686848245
AU-Sil,/perm/pad/fluxnet-shuttle-ecland/flux/shuttle-all775-era5/AU-Sil_2020-2024_FLUXNET2015_Flux.nc,2020,2024,/perm/pad/fluxnet-shuttle-ecland/soil/shuttle-all775-era5/soil_AU-Sil_2019-2024.nc,2019.0,2024.0,-42.09055709838867,147.08749389648438,GRA,87696,True,450656,15.197140661675688
AU-Sno,/perm/pad/fluxnet-shuttle-ecland/flux/shuttle-all775-era5/AU-Sno_2024-2024_FLUXNET2015_Flux.nc,2024,2024,/perm/pad/fluxnet-shuttle-ecland/soil/shuttle-all775-era5/soil_AU-Sno_2024-2025.nc,2024.0,2025.0,-36.375648498535156,148.43585205078125,EBF,17568,True,429988,9.38783130269631
AU-Stp,/perm/pad/fluxnet-shuttle-ecland/flux/shuttle-all775-era5/AU-Stp_2009-2024_FLUXNET2015_Flux.nc,2009,2024,/perm/pad/fluxnet-shuttle-ecland/soil/shuttle-all775-era5/soil_AU-Stp_2008-2025.nc,2008.0,2025.0,-17.150699615478516,133.35020446777344,GRA,280512,True,349594,15.285841966258364
AU-TTE,/perm/pad/fluxnet-shuttle-ecland/flux/shuttle-all775-era5/AU-TTE_2013-2025_FLUXNET2015_Flux.nc,2013,2025,/perm/pad/fluxnet-shuttle-ecland/soil/shuttle-all775-era5/soil_AU-TTE_2012-2025.nc,2012.0,2025.0,-22.28700065612793,133.63999938964844,OSH,227904,True,372286,6.198473499458724
AU-Tum,/perm/pad/fluxnet-shuttle-ecland/flux/shuttle-all775-era5/AU-Tum_2002-2021_FLUXNET2015_Flux.nc,2002,2021,/perm/pad/fluxnet-shuttle-ecland/soil/shuttle-all775-era5/soil_AU-Tum_2002-2022.nc,2002.0,2022.0,-35.65660095214844,148.15170288085938,EBF,175320,True,426747,18.103088745869947
AU-Wac,/perm/pad/fluxnet-shuttle-ecland/flux/shuttle-all775-era5/AU-Wac_2006-2008_FLUXNET2015_Flux.nc,2006,2008,/perm/pad/fluxnet-shuttle-ecland/soil/shuttle-all775-era5/soil_AU-Wac_2005-2008.nc,2005.0,2008.0,-37.42900085449219,145.187255859375,EBF,52608,True,434299,16.2213033673829
AU-Wel,/perm/pad/fluxnet-shuttle-ecland/flux/shuttle-all775-era5/AU-Wel_2024-2025_FLUXNET2015_Flux.nc,2024,2025,/perm/pad/fluxnet-shuttle-ecland/soil/shuttle-all775-era5/soil_AU-Wel_2024-2025.nc,2024.0,2025.0,-32.57270050048828,148.9842987060547,GRA,35088,True,414574,17.936750231229013
AU-Whr,/perm/pad/fluxnet-shuttle-ecland/flux/shuttle-all775-era5/AU-Whr_2012-2025_FLUXNET2015_Flux.nc,2012,2025,/perm/pad/fluxnet-shuttle-ecland/soil/shuttle-all775-era5/soil_AU-Whr_2011-2025.nc,2011.0,2025.0,-36.67319869995117,145.02940368652344,EBF,245472,True,431058,2.6260785905014634
AU-Wom,/perm/pad/fluxnet-shuttle-ecland/flux/shuttle-all775-era5/AU-Wom_2011-2025_FLUXNET2015_Flux.nc,2011,2025,/perm/pad/fluxnet-shuttle-ecland/soil/shuttle-all775-era5/soil_AU-Wom_2010-2025.nc,2010.0,2025.0,-37.42219924926758,144.0944061279297,EBF,262992,True,434295,13.484465651801274
AU-Wrr,/perm/pad/fluxnet-shuttle-ecland/flux/shuttle-all775-era5/AU-Wrr_2015-2020_FLUXNET2015_Flux.nc,2015,2020,/perm/pad/fluxnet-shuttle-ecland/soil/shuttle-all775-era5/soil_AU-Wrr_2013-2021.nc,2013.0,2021.0,-43.09502029418945,146.6544952392578,EBF,105216,True,454542,5.360854664212637
AU-Ync,/perm/pad/fluxnet-shuttle-ecland/flux/shuttle-all775-era5/AU-Ync_2013-2024_FLUXNET2015_Flux.nc,2013,2024,/perm/pad/fluxnet-shuttle-ecland/soil/shuttle-all775-era5/soil_AU-Ync_2012-2025.nc,2012.0,2025.0,-34.98929977416992,146.2906951904297,GRA,210384,True,424582,3.885911484522643
BE-Bra,/perm/pad/fluxnet-shuttle-ecland/flux/shuttle-all775-era5/BE-Bra_2000-2023_FLUXNET2015_Flux.nc,2000,2023,/perm/pad/fluxnet-shuttle-ecland/soil/shuttle-all775-era5/soil_BE-Bra_1999-2024.nc,1999.0,2024.0,51.309165954589844,4.520559787750244,MF,420768,True,60484,4.956719691433842
BE-Dor,/perm/pad/fluxnet-shuttle-ecland/flux/shuttle-all775-era5/BE-Dor_2011-2024_FLUXNET2015_Flux.nc,2011,2024,/perm/pad/fluxnet-shuttle-ecland/soil/shuttle-all775-era5/soil_BE-Dor_2011-2024.nc,2011.0,2024.0,50.311710357666016,4.9683098793029785,CRO,245472,True,63077,14.984334980722931
BE-Lcr,/perm/pad/fluxnet-shuttle-ecland/flux/shuttle-all775-era5/BE-Lcr_2019-2022_FLUXNET2015_Flux.nc,2019,2022,/perm/pad/fluxnet-shuttle-ecland/soil/shuttle-all775-era5/soil_BE-Lcr_2019-2022.nc,2019.0,2022.0,51.099998474121094,3.8499999046325684,CRO,70128,True,61346,12.481219290430632
BE-Lon,/perm/pad/fluxnet-shuttle-ecland/flux/shuttle-all775-era5/BE-Lon_2005-2024_FLUXNET2015_Flux.nc,2005,2024,/perm/pad/fluxnet-shuttle-ecland/soil/shuttle-all775-era5/soil_BE-Lon_2004-2024.nc,2004.0,2024.0,50.55158996582031,4.746129989624023,CRO,350640,True,63076,16.529221610993336
BE-Maa,/perm/pad/fluxnet-shuttle-ecland/flux/shuttle-all775-era5/BE-Maa_2016-2025_FLUXNET2015_Flux.nc,2016,2025,/perm/pad/fluxnet-shuttle-ecland/soil/shuttle-all775-era5/soil_BE-Maa_2016-2025.nc,2016.0,2025.0,50.980438232421875,5.631309986114502,WSA,175344,True,61351,14.444231742384996
BE-Vie,/perm/pad/fluxnet-shuttle-ecland/flux/shuttle-all775-era5/BE-Vie_1997-2024_FLUXNET2015_Flux.nc,1997,2024,/perm/pad/fluxnet-shuttle-ecland/soil/shuttle-all775-era5/soil_BE-Vie_1996-2025.nc,1996.0,2025.0,50.30506896972656,5.998050212860107,MF,490896,True,63079,19.45129060335858
BJ-Db1,/perm/pad/fluxnet-shuttle-ecland/flux/shuttle-all775-era5/BJ-Db1_2023-2024_FLUXNET2015_Flux.nc,2023,2024,/perm/pad/fluxnet-shuttle-ecland/soil/shuttle-all775-era5/soil_BJ-Db1_2022-2024.nc,2022.0,2024.0,6.607337951660156,2.5430428981781006,CRO,35088,True,240329,1.3481421811793366
BJ-Nhu,/perm/pad/fluxnet-shuttle-ecland/flux/shuttle-all775-era5/BJ-Nhu_2008-2016_FLUXNET2015_Flux.nc,2008,2016,/perm/pad/fluxnet-shuttle-ecland/soil/shuttle-all775-era5/soil_BJ-Nhu_2008-2017.nc,2008.0,2017.0,9.739999771118164,1.600000023841858,SAV,157824,True,226246,10.788842828484333
BR-CST,/perm/pad/fluxnet-shuttle-ecland/flux/shuttle-all775-era5/BR-CST_2014-2015_FLUXNET2015_Flux.nc,2014,2015,/perm/pad/fluxnet-shuttle-ecland/soil/shuttle-all775-era5/soil_BR-CST_2014-2015.nc,2014.0,2015.0,-7.968200206756592,-38.38420104980469,DNF,35040,True,308024,15.470333133983837
BR-ITA,/perm/pad/fluxnet-shuttle-ecland/flux/shuttle-all775-era5/BR-ITA_2021-2023_FLUXNET2015_Flux.nc,2021,2023,/perm/pad/fluxnet-shuttle-ecland/soil/shuttle-all775-era5/soil_BR-ITA_2020-2024.nc,2020.0,2024.0,-23.060400009155273,-48.64670181274414,EBF,52560,True,376503,14.65535620798417
BR-Ji3,/perm/pad/fluxnet-shuttle-ecland/flux/shuttle-all775-era5/BR-Ji3_2004-2009_FLUXNET2015_Flux.nc,2004,2009,,,,-10.078060150146484,-61.933101654052734,EBF,105216,False,316900,12.954156307280456
BR-Ma2,/perm/pad/fluxnet-shuttle-ecland/flux/shuttle-all775-era5/BR-Ma2_2000-2016_FLUXNET2015_Flux.nc,2000,2016,,,,-2.609100103378296,-60.20930099487305,EBF,298080,False,283626,7.16956945568357
BR-Ma3,/perm/pad/fluxnet-shuttle-ecland/flux/shuttle-all775-era5/BR-Ma3_2009-2017_FLUXNET2015_Flux.nc,2009,2017,,,,-2.390700101852417,-59.88349914550781,CVM,157776,False,282347,2.536787485604442
BR-SM1,/perm/pad/fluxnet-shuttle-ecland/flux/shuttle-all775-era5/BR-SM1_2015-2016_FLUXNET2015_Flux.nc,2015,2016,,,,-30.277099609375,-53.14789962768555,CRO,35088,False,406063,7.697344741617079
BR-Sa1,/perm/pad/fluxnet-shuttle-ecland/flux/shuttle-all775-era5/BR-Sa1_2002-2011_FLUXNET2015_Flux.nc,2002,2011,,,,-2.8566999435424805,-54.958900451660156,EBF,175296,False,284925,16.524310437832845
BR-Xpw,/perm/pad/fluxnet-shuttle-ecland/flux/shuttle-all775-era5/BR-Xpw_2018-2021_FLUXNET2015_Flux.nc,2018,2021,/perm/pad/fluxnet-shuttle-ecland/soil/shuttle-all775-era5/soil_BR-Xpw_2017-2022.nc,2017.0,2022.0,-16.37299919128418,-56.46099853515625,GRA,70128,True,346359,10.588470694226814
BW-Gum,/perm/pad/fluxnet-shuttle-ecland/flux/shuttle-all775-era5/BW-Gum_2018-2019_FLUXNET2015_Flux.nc,2018,2019,,,,-18.9647216796875,22.371110916137695,WET,35040,False,356880,13.564293591401496
BW-Nxr,/perm/pad/fluxnet-shuttle-ecland/flux/shuttle-all775-era5/BW-Nxr_2019-2019_FLUXNET2015_Flux.nc,2019,2019,,,,-19.54805564880371,23.179166793823242,GRA,17520,False,359442,12.36165527029257
CA-ARB,/perm/pad/fluxnet-shuttle-ecland/flux/shuttle-all775-era5/CA-ARB_2012-2023_FLUXNET2015_Flux.nc,2012,2023,/perm/pad/fluxnet-shuttle-ecland/soil/shuttle-all775-era5/soil_CA-ARB_2011-2024.nc,2011.0,2024.0,52.69499969482422,-83.94519805908203,WET,210384,True,56938,13.803472681052781
CA-BOU,/perm/pad/fluxnet-shuttle-ecland/flux/shuttle-all775-era5/CA-BOU_2019-2019_FLUXNET2015_Flux.nc,2019,2019,/perm/pad/fluxnet-shuttle-ecland/soil/shuttle-all775-era5/soil_CA-BOU_2018-2020.nc,2018.0,2020.0,50.52439880371094,-63.20640182495117,WET,17520,True,63777,12.597956459245475
CA-CF3,/perm/pad/fluxnet-shuttle-ecland/flux/shuttle-all775-era5/CA-CF3_2023-2025_FLUXNET2015_Flux.nc,2023,2025,/perm/pad/fluxnet-shuttle-ecland/soil/shuttle-all775-era5/soil_CA-CF3_2022-2025.nc,2022.0,2025.0,58.66579818725586,-93.83039855957031,WET,52608,True,41016,12.596314287701606
CA-Ca1,/perm/pad/fluxnet-shuttle-ecland/flux/shuttle-all775-era5/CA-Ca1_1998-2010_FLUXNET2015_Flux.nc,1998,2010,/perm/pad/fluxnet-shuttle-ecland/soil/shuttle-all775-era5/soil_CA-Ca1_1997-2010.nc,1997.0,2010.0,49.86724853515625,-125.33360290527344,ENF,227904,True,65356,6.2010587878039996
CA-Ca3,/perm/pad/fluxnet-shuttle-ecland/flux/shuttle-all775-era5/CA-Ca3_2011-2024_FLUXNET2015_Flux.nc,2011,2024,/perm/pad/fluxnet-shuttle-ecland/soil/shuttle-all775-era5/soil_CA-Ca3_2001-2024.nc,2001.0,2024.0,49.53461837768555,-124.90043640136719,ENF,245472,True,66221,10.365568703176894
CA-Cbo,/perm/pad/fluxnet-shuttle-ecland/flux/shuttle-all775-era5/CA-Cbo_1996-2024_FLUXNET2015_Flux.nc,1996,2024,/perm/pad/fluxnet-shuttle-ecland/soil/shuttle-all775-era5/soil_CA-Cbo_1996-2024.nc,1996.0,2024.0,44.31850051879883,-79.93419647216797,MF,508464,True,83876,7.828367664748458
CA-DBB,/perm/pad/fluxnet-shuttle-ecland/flux/shuttle-all775-era5/CA-DBB_2016-2024_FLUXNET2015_Flux.nc,2016,2024,/perm/pad/fluxnet-shuttle-ecland/soil/shuttle-all775-era5/soil_CA-DBB_2015-2024.nc,2015.0,2024.0,49.12929916381836,-122.98490142822266,WET,157824,True,67954,11.124289627572718
CA-EM1,/perm/pad/fluxnet-shuttle-ecland/flux/shuttle-all775-era5/CA-EM1_2022-2023_FLUXNET2015_Flux.nc,2022,2023,,,,50.362300872802734,-100.20240020751953,WET,35040,False,63689,17.035729742612432
CA-EM2,/perm/pad/fluxnet-shuttle-ecland/flux/shuttle-all775-era5/CA-EM2_2022-2023_FLUXNET2015_Flux.nc,2022,2023,,,,50.370601654052734,-100.53389739990234,WET,35040,False,63688,11.71977422740405
CA-Gro,/perm/pad/fluxnet-shuttle-ecland/flux/shuttle-all775-era5/CA-Gro_2004-2013_FLUXNET2015_Flux.nc,2004,2013,/perm/pad/fluxnet-shuttle-ecland/soil/shuttle-all775-era5/soil_CA-Gro_2003-2014.nc,2003.0,2014.0,48.21670150756836,-82.15560150146484,MF,175344,True,70744,11.743390214138847
CA-HPC,/perm/pad/fluxnet-shuttle-ecland/flux/shuttle-all775-era5/CA-HPC_2018-2018_FLUXNET2015_Flux.nc,2018,2018,/perm/pad/fluxnet-shuttle-ecland/soil/shuttle-all775-era5/soil_CA-HPC_2018-2018.nc,2018.0,2018.0,68.32029724121094,-133.518798828125,ENF,17520,True,19803,17.939475650923093
CA-KLP,/perm/pad/fluxnet-shuttle-ecland/flux/shuttle-all775-era5/CA-KLP_2012-2019_FLUXNET2015_Flux.nc,2012,2019,/perm/pad/fluxnet-shuttle-ecland/soil/shuttle-all775-era5/soil_CA-KLP_2011-2020.nc,2011.0,2020.0,51.5901985168457,-81.76840209960938,WET,140256,True,60277,7.41224425584605
CA-LP1,/perm/pad/fluxnet-shuttle-ecland/flux/shuttle-all775-era5/CA-LP1_2008-2023_FLUXNET2015_Flux.nc,2008,2023,/perm/pad/fluxnet-shuttle-ecland/soil/shuttle-all775-era5/soil_CA-LP1_2007-2024.nc,2007.0,2024.0,55.111900329589844,-122.84140014648438,ENF,280512,True,49759,12.429649745183152
CA-LU1,/perm/pad/fluxnet-shuttle-ecland/flux/shuttle-all775-era5/CA-LU1_2021-2022_FLUXNET2015_Flux.nc,2021,2022,/perm/pad/fluxnet-shuttle-ecland/soil/shuttle-all775-era5/soil_CA-LU1_2020-2023.nc,2020.0,2023.0,59.59510040283203,-117.28620147705078,OSH,35040,True,38149,14.022499079754047
CA-LU2,/perm/pad/fluxnet-shuttle-ecland/flux/shuttle-all775-era5/CA-LU2_2021-2022_FLUXNET2015_Flux.nc,2021,2022,/perm/pad/fluxnet-shuttle-ecland/soil/shuttle-all775-era5/soil_CA-LU2_2020-2023.nc,2020.0,2023.0,59.44049835205078,-117.24220275878906,OSH,35040,True,38824,5.1603134342652135
CA-MA1,/perm/pad/fluxnet-shuttle-ecland/flux/shuttle-all775-era5/CA-MA1_2010-2010_FLUXNET2015_Flux.nc,2010,2010,/perm/pad/fluxnet-shuttle-ecland/soil/shuttle-all775-era5/soil_CA-MA1_2009-2011.nc,2009.0,2011.0,50.16447067260742,-97.876220703125,CRO,17520,True,64558,2.8816452810785367
CA-Man,/perm/pad/fluxnet-shuttle-ecland/flux/shuttle-all775-era5/CA-Man_1995-2007_FLUXNET2015_Flux.nc,1995,2007,/perm/pad/fluxnet-shuttle-ecland/soil/shuttle-all775-era5/soil_CA-Man_1994-2008.nc,1994.0,2008.0,55.879600524902344,-98.48079681396484,ENF,227904,True,48298,11.715025120450973
CA-Mer,/perm/pad/fluxnet-shuttle-ecland/flux/shuttle-all775-era5/CA-Mer_1999-2020_FLUXNET2015_Flux.nc,1999,2020,/perm/pad/fluxnet-shuttle-ecland/soil/shuttle-all775-era5/soil_CA-Mer_1998-2020.nc,1998.0,2020.0,45.409400939941406,-75.5186996459961,?,385728,True,80048,11.507720068841873
CA-Mtk,/perm/pad/fluxnet-shuttle-ecland/flux/shuttle-all775-era5/CA-Mtk_2024-2024_FLUXNET2015_Flux.nc,2024,2024,/perm/pad/fluxnet-shuttle-ecland/soil/shuttle-all775-era5/soil_CA-Mtk_2024-2024.nc,2024.0,2024.0,72.66950225830078,-77.99810028076172,GRA,17568,True,13033,19.990663572543916
CA-Na1,/perm/pad/fluxnet-shuttle-ecland/flux/shuttle-all775-era5/CA-Na1_2004-2005_FLUXNET2015_Flux.nc,2004,2005,/perm/pad/fluxnet-shuttle-ecland/soil/shuttle-all775-era5/soil_CA-Na1_2003-2005.nc,2003.0,2005.0,46.473838806152344,-67.09932708740234,MF,35088,True,76230,4.52758540629405
CA-Ojp,/perm/pad/fluxnet-shuttle-ecland/flux/shuttle-all775-era5/CA-Ojp_2000-2010_FLUXNET2015_Flux.nc,2000,2010,/perm/pad/fluxnet-shuttle-ecland/soil/shuttle-all775-era5/soil_CA-Ojp_1999-2010.nc,1999.0,2010.0,53.91633987426758,-104.69203186035156,ENF,192864,True,53692,15.117685080137045
CA-PB1,/perm/pad/fluxnet-shuttle-ecland/flux/shuttle-all775-era5/CA-PB1_2017-2023_FLUXNET2015_Flux.nc,2017,2023,/perm/pad/fluxnet-shuttle-ecland/soil/shuttle-all775-era5/soil_CA-PB1_2016-2024.nc,2016.0,2024.0,54.94169998168945,-83.45790100097656,WET,122688,True,50611,1.3033989101884267
CA-Qc2,/perm/pad/fluxnet-shuttle-ecland/flux/shuttle-all775-era5/CA-Qc2_2008-2009_FLUXNET2015_Flux.nc,2008,2009,/perm/pad/fluxnet-shuttle-ecland/soil/shuttle-all775-era5/soil_CA-Qc2_2007-2010.nc,2007.0,2010.0,49.75983810424805,-74.57109832763672,MF,35088,True,65478,13.710123017083857
CA-Qfo,/perm/pad/fluxnet-shuttle-ecland/flux/shuttle-all775-era5/CA-Qfo_2004-2010_FLUXNET2015_Flux.nc,2004,2010,/perm/pad/fluxnet-shuttle-ecland/soil/shuttle-all775-era5/soil_CA-Qfo_2003-2010.nc,2003.0,2010.0,49.692501068115234,-74.34210205078125,ENF,122736,True,66343,16.159819570091123
CA-SCC,/perm/pad/fluxnet-shuttle-ecland/flux/shuttle-all775-era5/CA-SCC_2014-2018_FLUXNET2015_Flux.nc,2014,2018,/perm/pad/fluxnet-shuttle-ecland/soil/shuttle-all775-era5/soil_CA-SCC_2013-2024.nc,2013.0,2024.0,61.307899475097656,-121.29920196533203,ENF,87648,True,34192,15.212466997581044
CA-SF2,/perm/pad/fluxnet-shuttle-ecland/flux/shuttle-all775-era5/CA-SF2_2003-2004_FLUXNET2015_Flux.nc,2003,2004,/perm/pad/fluxnet-shuttle-ecland/soil/shuttle-all775-era5/soil_CA-SF2_2001-2005.nc,2001.0,2005.0,54.25389862060547,-105.87750244140625,ENF,35088,True,52099,14.483977858462048
CA-SF3,/perm/pad/fluxnet-shuttle-ecland/flux/shuttle-all775-era5/CA-SF3_2002-2005_FLUXNET2015_Flux.nc,2002,2005,/perm/pad/fluxnet-shuttle-ecland/soil/shuttle-all775-era5/soil_CA-SF3_2001-2006.nc,2001.0,2006.0,54.09159851074219,-106.00530242919922,OSH,70128,True,52889,12.718223432092833
CA-SMC,/perm/pad/fluxnet-shuttle-ecland/flux/shuttle-all775-era5/CA-SMC_2018-2018_FLUXNET2015_Flux.nc,2018,2018,/perm/pad/fluxnet-shuttle-ecland/soil/shuttle-all775-era5/soil_CA-SMC_2018-2018.nc,2018.0,2018.0,63.15340042114258,-123.252197265625,ENF,17520,True,30363,14.436425054310385
CA-TP1,/perm/pad/fluxnet-shuttle-ecland/flux/shuttle-all775-era5/CA-TP1_2003-2023_FLUXNET2015_Flux.nc,2003,2023,/perm/pad/fluxnet-shuttle-ecland/soil/shuttle-all775-era5/soil_CA-TP1_2002-2023.nc,2002.0,2023.0,42.6609001159668,-80.55950164794922,ENF,368160,True,88674,22.465087296279584
CA-TP3,/perm/pad/fluxnet-shuttle-ecland/flux/shuttle-all775-era5/CA-TP3_2003-2023_FLUXNET2015_Flux.nc,2003,2023,/perm/pad/fluxnet-shuttle-ecland/soil/shuttle-all775-era5/soil_CA-TP3_2002-2023.nc,2002.0,2023.0,42.7067985534668,-80.34829711914062,ENF,368160,True,88675,18.54102117043963
CA-TVC,/perm/pad/fluxnet-shuttle-ecland/flux/shuttle-all775-era5/CA-TVC_2017-2017_FLUXNET2015_Flux.nc,2017,2017,,,,68.74620056152344,-133.50169372558594,OSH,17520,False,19308,7.7892535610579605
CD-Ygb,/perm/pad/fluxnet-shuttle-ecland/flux/shuttle-all775-era5/CD-Ygb_2021-2024_FLUXNET2015_Flux.nc,2021,2024,/perm/pad/fluxnet-shuttle-ecland/soil/shuttle-all775-era5/soil_CD-Ygb_2020-2025.nc,2020.0,2025.0,0.8144440054893494,24.502471923828125,MF,70128,True,267287,12.991946850087736
CG-Tch,/perm/pad/fluxnet-shuttle-ecland/flux/shuttle-all775-era5/CG-Tch_2007-2009_FLUXNET2015_Flux.nc,2007,2009,/perm/pad/fluxnet-shuttle-ecland/soil/shuttle-all775-era5/soil_CG-Tch_2006-2009.nc,2006.0,2009.0,-4.2891998291015625,11.656399726867676,SAV,52608,True,290282,18.833412522390994
CH-Aws,/perm/pad/fluxnet-shuttle-ecland/flux/shuttle-all775-era5/CH-Aws_2007-2024_FLUXNET2015_Flux.nc,2007,2024,/perm/pad/fluxnet-shuttle-ecland/soil/shuttle-all775-era5/soil_CH-Aws_2006-2024.nc,2006.0,2024.0,46.583309173583984,9.790419578552246,ENF,315600,True,75475,8.663941821323942
CH-Cha,/perm/pad/fluxnet-shuttle-ecland/flux/shuttle-all775-era5/CH-Cha_2006-2024_FLUXNET2015_Flux.nc,2006,2024,,,,47.21022033691406,8.410440444946289,GRA,333120,False,73670,15.325179760310002
CH-Crs,/perm/pad/fluxnet-shuttle-ecland/flux/shuttle-all775-era5/CH-Crs_2015-2016_FLUXNET2015_Flux.nc,2015,2016,/perm/pad/fluxnet-shuttle-ecland/soil/shuttle-all775-era5/soil_CH-Crs_2015-2016.nc,2015.0,2016.0,47.04359817504883,7.047500133514404,GRA,35088,True,73667,11.993307550301228
CH-Dav,/perm/pad/fluxnet-shuttle-ecland/flux/shuttle-all775-era5/CH-Dav_1997-2024_FLUXNET2015_Flux.nc,1997,2024,/perm/pad/fluxnet-shuttle-ecland/soil/shuttle-all775-era5/soil_CH-Dav_1997-2025.nc,1997.0,2025.0,46.81533432006836,9.85591983795166,ENF,490896,True,74574,11.280795923226442
CH-For,/perm/pad/fluxnet-shuttle-ecland/flux/shuttle-all775-era5/CH-For_2024-2024_FLUXNET2015_Flux.nc,2024,2024,/perm/pad/fluxnet-shuttle-ecland/soil/shuttle-all775-era5/soil_CH-For_2024-2024.nc,2024.0,2024.0,46.52720642089844,6.759540557861328,CRO,17568,True,75467,1.9938587501933658
CH-Frk,/perm/pad/fluxnet-shuttle-ecland/flux/shuttle-all775-era5/CH-Frk_2013-2014_FLUXNET2015_Flux.nc,2013,2014,/perm/pad/fluxnet-shuttle-ecland/soil/shuttle-all775-era5/soil_CH-Frk_2013-2014.nc,2013.0,2014.0,46.57763671875,8.421591758728027,GRA,35040,True,75471,15.096886072915373
CH-Lae,/perm/pad/fluxnet-shuttle-ecland/flux/shuttle-all775-era5/CH-Lae_2005-2024_FLUXNET2015_Flux.nc,2005,2024,/perm/pad/fluxnet-shuttle-ecland/soil/shuttle-all775-era5/soil_CH-Lae_2004-2024.nc,2004.0,2024.0,47.478084564208984,8.364999771118164,MF,350640,True,72770,14.089138213044002
CH-Oe2,/perm/pad/fluxnet-shuttle-ecland/flux/shuttle-all775-era5/CH-Oe2_2004-2024_FLUXNET2015_Flux.nc,2004,2024,/perm/pad/fluxnet-shuttle-ecland/soil/shuttle-all775-era5/soil_CH-Oe2_2004-2024.nc,2004.0,2024.0,47.28630447387695,7.734330177307129,CRO,368208,True,72768,12.591380651232178
CH-Rh2,/perm/pad/fluxnet-shuttle-ecland/flux/shuttle-all775-era5/CH-Rh2_2019-2021_FLUXNET2015_Flux.nc,2019,2021,/perm/pad/fluxnet-shuttle-ecland/soil/shuttle-all775-era5/soil_CH-Rh2_2018-2021.nc,2018.0,2021.0,47.29999923706055,9.5,GRA,52608,True,72773,9.609560250460786
CH-Rtb,/perm/pad/fluxnet-shuttle-ecland/flux/shuttle-all775-era5/CH-Rtb_2010-2022_FLUXNET2015_Flux.nc,2010,2022,/perm/pad/fluxnet-shuttle-ecland/soil/shuttle-all775-era5/soil_CH-Rtb_2009-2022.nc,2009.0,2022.0,47.380401611328125,8.993399620056152,GRA,227904,True,72771,14.866881319246383
CL-ACF,/perm/pad/fluxnet-shuttle-ecland/flux/shuttle-all775-era5/CL-ACF_2019-2020_FLUXNET2015_Flux.nc,2019,2020,/perm/pad/fluxnet-shuttle-ecland/soil/shuttle-all775-era5/soil_CL-ACF_2018-2020.nc,2018.0,2020.0,-40.17259979248047,-73.44390106201172,ENF,35088,True,444043,13.989593903321705
CL-SDF,/perm/pad/fluxnet-shuttle-ecland/flux/shuttle-all775-era5/CL-SDF_2014-2021_FLUXNET2015_Flux.nc,2014,2021,/perm/pad/fluxnet-shuttle-ecland/soil/shuttle-all775-era5/soil_CL-SDF_2014-2021.nc,2014.0,2021.0,-41.882999420166016,-73.6760025024414,EBF,140256,True,451042,17.817413677320886
CN-Aro,/perm/pad/fluxnet-shuttle-ecland/flux/shuttle-all775-era5/CN-Aro_2013-2024_FLUXNET2015_Flux.nc,2013,2024,/perm/pad/fluxnet-shuttle-ecland/soil/shuttle-all775-era5/soil_CN-Aro_2013-2024.nc,2013.0,2024.0,38.047340393066406,100.46431732177734,GRA,210384,True,105278,12.015581599347875
CN-Ash,/perm/pad/fluxnet-shuttle-ecland/flux/shuttle-all775-era5/CN-Ash_2009-2018_FLUXNET2015_Flux.nc,2009,2018,/perm/pad/fluxnet-shuttle-ecland/soil/shuttle-all775-era5/soil_CN-Ash_2009-2019.nc,2009.0,2019.0,24.53805923461914,101.02916717529297,EBF,175296,True,159752,9.21261155049442
CN-BeO,/perm/pad/fluxnet-shuttle-ecland/flux/shuttle-all775-era5/CN-BeO_2012-2020_FLUXNET2015_Flux.nc,2012,2020,/perm/pad/fluxnet-shuttle-ecland/soil/shuttle-all775-era5/soil_CN-BeO_2012-2020.nc,2012.0,2020.0,40.02621078491211,116.39143371582031,MF,157824,True,98156,9.759830189096572
CN-Dan,/perm/pad/fluxnet-shuttle-ecland/flux/shuttle-all775-era5/CN-Dan_2011-2019_FLUXNET2015_Flux.nc,2011,2019,/perm/pad/fluxnet-shuttle-ecland/soil/shuttle-all775-era5/soil_CN-Dan_2011-2020.nc,2011.0,2020.0,30.497800827026367,91.06639862060547,GRA,157776,True,135007,12.818290244580142
CN-Dda,/perm/pad/fluxnet-shuttle-ecland/flux/shuttle-all775-era5/CN-Dda_2011-2014_FLUXNET2015_Flux.nc,2011,2014,/perm/pad/fluxnet-shuttle-ecland/soil/shuttle-all775-era5/soil_CN-Dda_2011-2014.nc,2011.0,2014.0,41.64397048950195,110.33146667480469,GRA,70128,True,92139,17.3418172128106
CN-Din,/perm/pad/fluxnet-shuttle-ecland/flux/shuttle-all775-era5/CN-Din_2010-2020_FLUXNET2015_Flux.nc,2010,2020,/perm/pad/fluxnet-shuttle-ecland/soil/shuttle-all775-era5/soil_CN-Din_2010-2020.nc,2010.0,2020.0,23.17329978942871,112.53610229492188,EBF,192864,True,165790,3.913116503109043
CN-Dmn,/perm/pad/fluxnet-shuttle-ecland/flux/shuttle-all775-era5/CN-Dmn_2013-2024_FLUXNET2015_Flux.nc,2013,2024,/perm/pad/fluxnet-shuttle-ecland/soil/shuttle-all775-era5/soil_CN-Dmn_2012-2024.nc,2012.0,2024.0,38.85551071166992,100.37223052978516,CRO,210384,True,102191,16.861169071170387
CN-Dsh,/perm/pad/fluxnet-shuttle-ecland/flux/shuttle-all775-era5/CN-Dsh_2014-2024_FLUXNET2015_Flux.nc,2014,2024,/perm/pad/fluxnet-shuttle-ecland/soil/shuttle-all775-era5/soil_CN-Dsh_2013-2024.nc,2013.0,2024.0,38.83992004394531,98.94059753417969,GRA,192864,True,102186,16.024417641582655
CN-Du2,/perm/pad/fluxnet-shuttle-ecland/flux/shuttle-all775-era5/CN-Du2_2011-2019_FLUXNET2015_Flux.nc,2011,2019,/perm/pad/fluxnet-shuttle-ecland/soil/shuttle-all775-era5/soil_CN-Du2_2011-2019.nc,2011.0,2019.0,42.04669952392578,116.28359985351562,GRA,157776,True,91156,3.644190600562466
CN-Dzo,/perm/pad/fluxnet-shuttle-ecland/flux/shuttle-all775-era5/CN-Dzo_2010-2020_FLUXNET2015_Flux.nc,2010,2020,/perm/pad/fluxnet-shuttle-ecland/soil/shuttle-all775-era5/soil_CN-Dzo_2010-2020.nc,2010.0,2020.0,19.54599952697754,109.4749984741211,EBF,192864,True,181829,7.379824971228609
CN-Erg,/perm/pad/fluxnet-shuttle-ecland/flux/shuttle-all775-era5/CN-Erg_2016-2019_FLUXNET2015_Flux.nc,2016,2019,/perm/pad/fluxnet-shuttle-ecland/soil/shuttle-all775-era5/soil_CN-Erg_2016-2019.nc,2016.0,2019.0,50.1869010925293,119.38890075683594,GRA,70128,True,64216,14.080201642080688
CN-GuT,/perm/pad/fluxnet-shuttle-ecland/flux/shuttle-all775-era5/CN-GuT_2015-2017_FLUXNET2015_Flux.nc,2015,2017,/perm/pad/fluxnet-shuttle-ecland/soil/shuttle-all775-era5/soil_CN-GuT_2015-2017.nc,2015.0,2017.0,34.35480880737305,100.48719787597656,GRA,52608,True,119318,16.198092212756613
CN-Ha2,/perm/pad/fluxnet-shuttle-ecland/flux/shuttle-all775-era5/CN-Ha2_2011-2019_FLUXNET2015_Flux.nc,2011,2019,/perm/pad/fluxnet-shuttle-ecland/soil/shuttle-all775-era5/soil_CN-Ha2_2011-2019.nc,2011.0,2019.0,37.60860061645508,101.32689666748047,WET,157776,True,107441,10.14013949080318
CN-HaM,/perm/pad/fluxnet-shuttle-ecland/flux/shuttle-all775-era5/CN-HaM_2002-2014_FLUXNET2015_Flux.nc,2002,2014,/perm/pad/fluxnet-shuttle-ecland/soil/shuttle-all775-era5/soil_CN-HaM_2001-2014.nc,2001.0,2014.0,37.369998931884766,101.18000030517578,GRA,227904,True,108521,20.10519463337788
CN-Huz,/perm/pad/fluxnet-shuttle-ecland/flux/shuttle-all775-era5/CN-Huz_2016-2023_FLUXNET2015_Flux.nc,2016,2023,/perm/pad/fluxnet-shuttle-ecland/soil/shuttle-all775-era5/soil_CN-Huz_2015-2024.nc,2015.0,2024.0,51.470001220703125,123.01000213623047,MF,140256,True,59904,12.768832195942704
CN-Jng,/perm/pad/fluxnet-shuttle-ecland/flux/shuttle-all775-era5/CN-Jng_2019-2024_FLUXNET2015_Flux.nc,2019,2024,/perm/pad/fluxnet-shuttle-ecland/soil/shuttle-all775-era5/soil_CN-Jng_2018-2024.nc,2018.0,2024.0,37.83869171142578,101.114501953125,GRA,105216,True,106360,11.002292297985315
CN-Jzh,/perm/pad/fluxnet-shuttle-ecland/flux/shuttle-all775-era5/CN-Jzh_2016-2016_FLUXNET2015_Flux.nc,2016,2016,/perm/pad/fluxnet-shuttle-ecland/soil/shuttle-all775-era5/soil_CN-Jzh_2011-2016.nc,2011.0,2016.0,41.1480598449707,121.20166778564453,CRO,17568,True,94170,10.227970111561346
CN-Lch,/perm/pad/fluxnet-shuttle-ecland/flux/shuttle-all775-era5/CN-Lch_2017-2020_FLUXNET2015_Flux.nc,2017,2020,/perm/pad/fluxnet-shuttle-ecland/soil/shuttle-all775-era5/soil_CN-Lch_2008-2020.nc,2008.0,2020.0,37.88935852050781,114.69288635253906,CRO,70128,True,106401,10.353203598677114
CN-Lsh,/perm/pad/fluxnet-shuttle-ecland/flux/shuttle-all775-era5/CN-Lsh_2003-2006_FLUXNET2015_Flux.nc,2003,2006,/perm/pad/fluxnet-shuttle-ecland/soil/shuttle-all775-era5/soil_CN-Lsh_2002-2006.nc,2002.0,2006.0,45.27983856201172,127.57820892333984,DNF,70128,True,79629,13.333155071297725
CN-Mxn,/perm/pad/fluxnet-shuttle-ecland/flux/shuttle-all775-era5/CN-Mxn_2015-2018_FLUXNET2015_Flux.nc,2015,2018,/perm/pad/fluxnet-shuttle-ecland/soil/shuttle-all775-era5/soil_CN-Mxn_2015-2019.nc,2015.0,2019.0,31.694799423217773,103.89510345458984,MF,70128,True,130547,13.248339397052293
CN-Nmn,/perm/pad/fluxnet-shuttle-ecland/flux/shuttle-all775-era5/CN-Nmn_2015-2019_FLUXNET2015_Flux.nc,2015,2019,/perm/pad/fluxnet-shuttle-ecland/soil/shuttle-all775-era5/soil_CN-Nmn_2015-2019.nc,2015.0,2019.0,42.946109771728516,120.72693634033203,CRO,87648,True,88251,10.071231079715403
CN-Qng,/perm/pad/fluxnet-shuttle-ecland/flux/shuttle-all775-era5/CN-Qng_2023-2023_FLUXNET2015_Flux.nc,2023,2023,/perm/pad/fluxnet-shuttle-ecland/soil/shuttle-all775-era5/soil_CN-Qng_2022-2024.nc,2022.0,2024.0,33.46807098388672,108.49102020263672,DNF,17520,True,122686,12.834317246229945
CN-Sb1,/perm/pad/fluxnet-shuttle-ecland/flux/shuttle-all775-era5/CN-Sb1_2021-2024_FLUXNET2015_Flux.nc,2021,2024,/perm/pad/fluxnet-shuttle-ecland/soil/shuttle-all775-era5/soil_CN-Sb1_2020-2024.nc,2020.0,2024.0,42.4090690612793,117.31461334228516,DNF,70128,True,90178,14.793281349140463
CN-Sdq,/perm/pad/fluxnet-shuttle-ecland/flux/shuttle-all775-era5/CN-Sdq_2014-2024_FLUXNET2015_Flux.nc,2014,2024,/perm/pad/fluxnet-shuttle-ecland/soil/shuttle-all775-era5/soil_CN-Sdq_2013-2024.nc,2013.0,2024.0,42.001190185546875,101.13741302490234,OSH,192864,True,91114,2.3501139358813323
CN-SnB,/perm/pad/fluxnet-shuttle-ecland/flux/shuttle-all775-era5/CN-SnB_2021-2021_FLUXNET2015_Flux.nc,2021,2021,/perm/pad/fluxnet-shuttle-ecland/soil/shuttle-all775-era5/soil_CN-SnB_2021-2021.nc,2021.0,2021.0,31.690500259399414,121.65630340576172,WET,17520,True,130602,9.858249089059212
CN-Wnb,/perm/pad/fluxnet-shuttle-ecland/flux/shuttle-all775-era5/CN-Wnb_2021-2021_FLUXNET2015_Flux.nc,2021,2021,/perm/pad/fluxnet-shuttle-ecland/soil/shuttle-all775-era5/soil_CN-Wnb_2021-2021.nc,2021.0,2021.0,40.42876052856445,106.7422866821289,BSV,17520,True,97130,18.775025419473387
CN-Xi2,/perm/pad/fluxnet-shuttle-ecland/flux/shuttle-all775-era5/CN-Xi2_2011-2020_FLUXNET2015_Flux.nc,2011,2020,/perm/pad/fluxnet-shuttle-ecland/soil/shuttle-all775-era5/soil_CN-Xi2_2011-2020.nc,2011.0,2020.0,43.55278015136719,116.67138671875,GRA,175344,True,86320,15.318998368600354
CN-YaS,/perm/pad/fluxnet-shuttle-ecland/flux/shuttle-all775-era5/CN-YaS_2012-2020_FLUXNET2015_Flux.nc,2012,2020,/perm/pad/fluxnet-shuttle-ecland/soil/shuttle-all775-era5/soil_CN-YaS_2011-2020.nc,2011.0,2020.0,37.708770751953125,107.22654724121094,OSH,157824,True,106379,13.706520388812878
CN-Yuc,/perm/pad/fluxnet-shuttle-ecland/flux/shuttle-all775-era5/CN-Yuc_2015-2020_FLUXNET2015_Flux.nc,2015,2020,/perm/pad/fluxnet-shuttle-ecland/soil/shuttle-all775-era5/soil_CN-Yuc_2011-2020.nc,2011.0,2020.0,36.95000076293945,116.5999984741211,CRO,105216,True,109647,5.955459582788248
CN-Zha,/perm/pad/fluxnet-shuttle-ecland/flux/shuttle-all775-era5/CN-Zha_2013-2024_FLUXNET2015_Flux.nc,2013,2024,/perm/pad/fluxnet-shuttle-ecland/soil/shuttle-all775-era5/soil_CN-Zha_2012-2024.nc,2012.0,2024.0,39.0,100.0,GRA,210384,True,102189,16.012073578648536
CR-AqC,/perm/pad/fluxnet-shuttle-ecland/flux/shuttle-all775-era5/CR-AqC_2010-2016_FLUXNET2015_Flux.nc,2010,2016,/perm/pad/fluxnet-shuttle-ecland/soil/shuttle-all775-era5/soil_CR-AqC_2009-2016.nc,2009.0,2016.0,9.938368797302246,-83.72889709472656,EBF,122736,True,225942,10.093891046031876
CR-Fsc,/perm/pad/fluxnet-shuttle-ecland/flux/shuttle-all775-era5/CR-Fsc_2015-2018_FLUXNET2015_Flux.nc,2015,2018,/perm/pad/fluxnet-shuttle-ecland/soil/shuttle-all775-era5/soil_CR-Fsc_2015-2018.nc,2015.0,2018.0,10.418899536132812,-85.47319793701172,CRO,70128,True,223376,13.633057615140176
CZ-BK1,/perm/pad/fluxnet-shuttle-ecland/flux/shuttle-all775-era5/CZ-BK1_2004-2025_FLUXNET2015_Flux.nc,2004,2025,/perm/pad/fluxnet-shuttle-ecland/soil/shuttle-all775-era5/soil_CZ-BK1_2004-2025.nc,2004.0,2025.0,49.50212860107422,18.5368595123291,ENF,385728,True,65701,18.3990731543767
CZ-BK2,/perm/pad/fluxnet-shuttle-ecland/flux/shuttle-all775-era5/CZ-BK2_2006-2012_FLUXNET2015_Flux.nc,2006,2012,/perm/pad/fluxnet-shuttle-ecland/soil/shuttle-all775-era5/soil_CZ-BK2_2006-2012.nc,2006.0,2012.0,49.49443054199219,18.542850494384766,GRA,122736,True,65702,19.13167760486332
CZ-KrP,/perm/pad/fluxnet-shuttle-ecland/flux/shuttle-all775-era5/CZ-KrP_2014-2023_FLUXNET2015_Flux.nc,2014,2023,/perm/pad/fluxnet-shuttle-ecland/soil/shuttle-all775-era5/soil_CZ-KrP_2014-2023.nc,2014.0,2023.0,49.57326126098633,15.07876968383789,CRO,175296,True,65693,6.5076545066976434
CZ-Lnz,/perm/pad/fluxnet-shuttle-ecland/flux/shuttle-all775-era5/CZ-Lnz_2015-2025_FLUXNET2015_Flux.nc,2015,2025,/perm/pad/fluxnet-shuttle-ecland/soil/shuttle-all775-era5/soil_CZ-Lnz_2015-2025.nc,2015.0,2025.0,48.681549072265625,16.946331024169922,DBF,192864,True,68291,13.745892618437809
CZ-RAJ,/perm/pad/fluxnet-shuttle-ecland/flux/shuttle-all775-era5/CZ-RAJ_2012-2024_FLUXNET2015_Flux.nc,2012,2024,/perm/pad/fluxnet-shuttle-ecland/soil/shuttle-all775-era5/soil_CZ-RAJ_2012-2024.nc,2012.0,2024.0,49.443721771240234,16.69651222229004,ENF,227952,True,66561,13.835471248669187
CZ-Stn,/perm/pad/fluxnet-shuttle-ecland/flux/shuttle-all775-era5/CZ-Stn_2010-2024_FLUXNET2015_Flux.nc,2010,2024,/perm/pad/fluxnet-shuttle-ecland/soil/shuttle-all775-era5/soil_CZ-Stn_2010-2024.nc,2010.0,2024.0,49.03597640991211,17.969900131225586,DBF,262992,True,67428,3.903581511003118
CZ-wet,/perm/pad/fluxnet-shuttle-ecland/flux/shuttle-all775-era5/CZ-wet_2007-2025_FLUXNET2015_Flux.nc,2007,2025,/perm/pad/fluxnet-shuttle-ecland/soil/shuttle-all775-era5/soil_CZ-wet_2006-2025.nc,2006.0,2025.0,49.02465057373047,14.770350456237793,WET,333120,True,67420,13.737717656033247
DE-Akm,/perm/pad/fluxnet-shuttle-ecland/flux/shuttle-all775-era5/DE-Akm_2010-2024_FLUXNET2015_Flux.nc,2010,2024,/perm/pad/fluxnet-shuttle-ecland/soil/shuttle-all775-era5/soil_DE-Akm_2009-2024.nc,2009.0,2024.0,53.86616516113281,13.683420181274414,WET,262992,True,53155,13.20319353931573
DE-Amv,/perm/pad/fluxnet-shuttle-ecland/flux/shuttle-all775-era5/DE-Amv_2023-2025_FLUXNET2015_Flux.nc,2023,2025,/perm/pad/fluxnet-shuttle-ecland/soil/shuttle-all775-era5/soil_DE-Amv_2023-2025.nc,2023.0,2025.0,52.17570114135742,6.95536994934082,WET,52608,True,57951,11.724477629649591
DE-Brs,/perm/pad/fluxnet-shuttle-ecland/flux/shuttle-all775-era5/DE-Brs_2024-2025_FLUXNET2015_Flux.nc,2024,2025,,,,52.296630859375,10.448710441589355,CRO,35088,False,57149,19.59916118275048
DE-Etn,/perm/pad/fluxnet-shuttle-ecland/flux/shuttle-all775-era5/DE-Etn_2024-2024_FLUXNET2015_Flux.nc,2024,2024,/perm/pad/fluxnet-shuttle-ecland/soil/shuttle-all775-era5/soil_DE-Etn_2024-2024.nc,2024.0,2024.0,48.26848602294922,7.8782429695129395,DBF,17568,True,70069,12.043353548722836
DE-Geb,/perm/pad/fluxnet-shuttle-ecland/flux/shuttle-all775-era5/DE-Geb_2021-2024_FLUXNET2015_Flux.nc,2021,2024,/perm/pad/fluxnet-shuttle-ecland/soil/shuttle-all775-era5/soil_DE-Geb_2020-2024.nc,2020.0,2024.0,51.100101470947266,10.914299964904785,CRO,70128,True,61363,11.797887552601075
DE-Gri,/perm/pad/fluxnet-shuttle-ecland/flux/shuttle-all775-era5/DE-Gri_2004-2024_FLUXNET2015_Flux.nc,2004,2024,/perm/pad/fluxnet-shuttle-ecland/soil/shuttle-all775-era5/soil_DE-Gri_2004-2025.nc,2004.0,2025.0,50.94947052001953,13.512530326843262,GRA,368208,True,61369,14.082581633618114
DE-Gwg,/perm/pad/fluxnet-shuttle-ecland/flux/shuttle-all775-era5/DE-Gwg_2024-2024_FLUXNET2015_Flux.nc,2024,2024,/perm/pad/fluxnet-shuttle-ecland/soil/shuttle-all775-era5/soil_DE-Gwg_2023-2025.nc,2023.0,2025.0,47.570831298828125,11.032609939575195,DBF,17568,True,71877,14.416948379689149
DE-Hai,/perm/pad/fluxnet-shuttle-ecland/flux/shuttle-all775-era5/DE-Hai_2000-2024_FLUXNET2015_Flux.nc,2000,2024,/perm/pad/fluxnet-shuttle-ecland/soil/shuttle-all775-era5/soil_DE-Hai_2000-2025.nc,2000.0,2025.0,51.079166412353516,10.45300006866455,DBF,438336,True,61362,8.416536624704559
DE-Har,/perm/pad/fluxnet-shuttle-ecland/flux/shuttle-all775-era5/DE-Har_2020-2024_FLUXNET2015_Flux.nc,2020,2024,/perm/pad/fluxnet-shuttle-ecland/soil/shuttle-all775-era5/soil_DE-Har_2020-2025.nc,2020.0,2025.0,47.93439865112305,7.60099983215332,MF,87696,True,70968,2.0836925639415678
DE-Hdn,/perm/pad/fluxnet-shuttle-ecland/flux/shuttle-all775-era5/DE-Hdn_2021-2022_FLUXNET2015_Flux.nc,2021,2022,,,,53.86825180053711,13.268543243408203,CRO,35040,False,53154,15.416142712584799
DE-HoH,/perm/pad/fluxnet-shuttle-ecland/flux/shuttle-all775-era5/DE-HoH_2015-2025_FLUXNET2015_Flux.nc,2015,2025,/perm/pad/fluxnet-shuttle-ecland/soil/shuttle-all775-era5/soil_DE-HoH_2015-2025.nc,2015.0,2025.0,52.08531188964844,11.222229957580566,MF,192864,True,57960,9.13990850428367
DE-Hte,/perm/pad/fluxnet-shuttle-ecland/flux/shuttle-all775-era5/DE-Hte_2009-2017_FLUXNET2015_Flux.nc,2009,2017,/perm/pad/fluxnet-shuttle-ecland/soil/shuttle-all775-era5/soil_DE-Hte_2009-2018.nc,2009.0,2018.0,54.21305465698242,12.179944038391113,WET,157776,True,52352,12.904224560710626
DE-Lkb,/perm/pad/fluxnet-shuttle-ecland/flux/shuttle-all775-era5/DE-Lkb_2010-2013_FLUXNET2015_Flux.nc,2010,2013,/perm/pad/fluxnet-shuttle-ecland/soil/shuttle-all775-era5/soil_DE-Lkb_2009-2013.nc,2009.0,2013.0,49.09961700439453,13.304670333862305,ENF,70128,True,67417,6.97218886589944
DE-Lnf,/perm/pad/fluxnet-shuttle-ecland/flux/shuttle-all775-era5/DE-Lnf_2003-2024_FLUXNET2015_Flux.nc,2003,2024,/perm/pad/fluxnet-shuttle-ecland/soil/shuttle-all775-era5/soil_DE-Lnf_2002-2024.nc,2002.0,2024.0,51.32820129394531,10.367799758911133,DBF,385728,True,60498,5.611295339987149
DE-Msr,/perm/pad/fluxnet-shuttle-ecland/flux/shuttle-all775-era5/DE-Msr_2021-2024_FLUXNET2015_Flux.nc,2021,2024,/perm/pad/fluxnet-shuttle-ecland/soil/shuttle-all775-era5/soil_DE-Msr_2020-2025.nc,2020.0,2025.0,47.809268951416016,11.45790958404541,MF,70128,True,70978,15.885450772060175
DE-Obe,/perm/pad/fluxnet-shuttle-ecland/flux/shuttle-all775-era5/DE-Obe_2009-2024_FLUXNET2015_Flux.nc,2009,2024,/perm/pad/fluxnet-shuttle-ecland/soil/shuttle-all775-era5/soil_DE-Obe_2008-2024.nc,2008.0,2024.0,50.78361511230469,13.719630241394043,ENF,280512,True,62234,6.756083512491491
DE-Rns,/perm/pad/fluxnet-shuttle-ecland/flux/shuttle-all775-era5/DE-Rns_2022-2024_FLUXNET2015_Flux.nc,2022,2024,/perm/pad/fluxnet-shuttle-ecland/soil/shuttle-all775-era5/soil_DE-Rns_2021-2024.nc,2021.0,2024.0,51.49495315551758,9.93211841583252,CRO,52608,True,59633,9.484661078467612
DE-RuM,/perm/pad/fluxnet-shuttle-ecland/flux/shuttle-all775-era5/DE-RuM_2012-2018_FLUXNET2015_Flux.nc,2012,2018,/perm/pad/fluxnet-shuttle-ecland/soil/shuttle-all775-era5/soil_DE-RuM_2011-2019.nc,2011.0,2019.0,50.929786682128906,6.296992301940918,CRO,122736,True,61352,9.195161861021814
DE-RuR,/perm/pad/fluxnet-shuttle-ecland/flux/shuttle-all775-era5/DE-RuR_2012-2024_FLUXNET2015_Flux.nc,2012,2024,/perm/pad/fluxnet-shuttle-ecland/soil/shuttle-all775-era5/soil_DE-RuR_2011-2025.nc,2011.0,2025.0,50.62191390991211,6.3041300773620605,GRA,227952,True,62216,12.183462318207196
DE-RuW,/perm/pad/fluxnet-shuttle-ecland/flux/shuttle-all775-era5/DE-RuW_2012-2024_FLUXNET2015_Flux.nc,2012,2024,/perm/pad/fluxnet-shuttle-ecland/soil/shuttle-all775-era5/soil_DE-RuW_2004-2025.nc,2004.0,2025.0,50.50490951538086,6.331019878387451,ENF,227952,True,63080,8.793942377068447
DE-SbM,/perm/pad/fluxnet-shuttle-ecland/flux/shuttle-all775-era5/DE-SbM_2023-2024_FLUXNET2015_Flux.nc,2023,2024,/perm/pad/fluxnet-shuttle-ecland/soil/shuttle-all775-era5/soil_DE-SbM_2023-2024.nc,2023.0,2024.0,51.76492691040039,10.517990112304688,WET,35088,True,58770,11.756439639962533
DE-SfS,/perm/pad/fluxnet-shuttle-ecland/flux/shuttle-all775-era5/DE-SfS_2011-2019_FLUXNET2015_Flux.nc,2011,2019,/perm/pad/fluxnet-shuttle-ecland/soil/shuttle-all775-era5/soil_DE-SfS_2010-2020.nc,2010.0,2020.0,47.80628967285156,11.327569961547852,WET,157776,True,70977,15.443752152911191
DE-Spw,/perm/pad/fluxnet-shuttle-ecland/flux/shuttle-all775-era5/DE-Spw_2011-2014_FLUXNET2015_Flux.nc,2011,2014,,,,51.89229965209961,14.033690452575684,WET,70128,False,58779,10.265077931933725
DE-Tha,/perm/pad/fluxnet-shuttle-ecland/flux/shuttle-all775-era5/DE-Tha_1997-2024_FLUXNET2015_Flux.nc,1997,2024,/perm/pad/fluxnet-shuttle-ecland/soil/shuttle-all775-era5/soil_DE-Tha_1996-2025.nc,1996.0,2025.0,50.9636116027832,13.566940307617188,ENF,490896,True,61370,13.692376047368487
DK-RCW,/perm/pad/fluxnet-shuttle-ecland/flux/shuttle-all775-era5/DK-RCW_2023-2024_FLUXNET2015_Flux.nc,2023,2024,,,,55.68067932128906,12.101400375366211,CRO,35088,False,47778,13.176540700144153
DK-Skj,/perm/pad/fluxnet-shuttle-ecland/flux/shuttle-all775-era5/DK-Skj_2021-2022_FLUXNET2015_Flux.nc,2021,2022,/perm/pad/fluxnet-shuttle-ecland/soil/shuttle-all775-era5/soil_DK-Skj_2020-2022.nc,2020.0,2022.0,55.9127311706543,8.404809951782227,WET,35040,True,47771,20.4643669371475
DK-Sor,/perm/pad/fluxnet-shuttle-ecland/flux/shuttle-all775-era5/DK-Sor_1997-2024_FLUXNET2015_Flux.nc,1997,2024,/perm/pad/fluxnet-shuttle-ecland/soil/shuttle-all775-era5/soil_DK-Sor_1996-2024.nc,1996.0,2024.0,55.485870361328125,11.64463996887207,DBF,490896,True,48527,8.091770340365896
DK-Vng,/perm/pad/fluxnet-shuttle-ecland/flux/shuttle-all775-era5/DK-Vng_2021-2022_FLUXNET2015_Flux.nc,2021,2022,/perm/pad/fluxnet-shuttle-ecland/soil/shuttle-all775-era5/soil_DK-Vng_2020-2023.nc,2020.0,2023.0,56.0374755859375,9.160709381103516,CRO,35040,True,47022,4.016719185791804
EE-Pts,/perm/pad/fluxnet-shuttle-ecland/flux/shuttle-all775-era5/EE-Pts_2023-2024_FLUXNET2015_Flux.nc,2023,2024,/perm/pad/fluxnet-shuttle-ecland/soil/shuttle-all775-era5/soil_EE-Pts_2022-2024.nc,2022.0,2024.0,58.56229782104492,24.369932174682617,WET,35088,True,40533,8.362256916131832
EE-Rng,/perm/pad/fluxnet-shuttle-ecland/flux/shuttle-all775-era5/EE-Rng_2024-2024_FLUXNET2015_Flux.nc,2024,2024,/perm/pad/fluxnet-shuttle-ecland/soil/shuttle-all775-era5/soil_EE-Rng_2023-2024.nc,2023.0,2024.0,57.913143157958984,26.694047927856445,WET,17568,True,41977,17.545496528196974
EE-Stg,/perm/pad/fluxnet-shuttle-ecland/flux/shuttle-all775-era5/EE-Stg_2017-2024_FLUXNET2015_Flux.nc,2017,2024,/perm/pad/fluxnet-shuttle-ecland/soil/shuttle-all775-era5/soil_EE-Stg_2016-2024.nc,2016.0,2024.0,58.02363586425781,26.07075309753418,ENF,140256,True,41976,4.287531759764116
ES-Abr,/perm/pad/fluxnet-shuttle-ecland/flux/shuttle-all775-era5/ES-Abr_2016-2020_FLUXNET2015_Flux.nc,2016,2020,/perm/pad/fluxnet-shuttle-ecland/soil/shuttle-all775-era5/soil_ES-Abr_2015-2020.nc,2015.0,2020.0,38.701839447021484,-6.785881042480469,SAV,87696,True,103934,11.390865439056073
ES-Agu,/perm/pad/fluxnet-shuttle-ecland/flux/shuttle-all775-era5/ES-Agu_2007-2024_FLUXNET2015_Flux.nc,2007,2024,/perm/pad/fluxnet-shuttle-ecland/soil/shuttle-all775-era5/soil_ES-Agu_2006-2024.nc,2006.0,2024.0,36.94004821777344,-2.033210039138794,CSH,315600,True,110371,3.414392294524726
ES-Amo,/perm/pad/fluxnet-shuttle-ecland/flux/shuttle-all775-era5/ES-Amo_2008-2019_FLUXNET2015_Flux.nc,2008,2019,/perm/pad/fluxnet-shuttle-ecland/soil/shuttle-all775-era5/soil_ES-Amo_2007-2019.nc,2007.0,2019.0,36.83359909057617,-2.2523000240325928,OSH,210384,True,110370,15.350242655119397
ES-Crg,/perm/pad/fluxnet-shuttle-ecland/flux/shuttle-all775-era5/ES-Crg_2022-2024_FLUXNET2015_Flux.nc,2022,2024,/perm/pad/fluxnet-shuttle-ecland/soil/shuttle-all775-era5/soil_ES-Crg_2021-2024.nc,2021.0,2024.0,39.119258880615234,-0.9585199952125549,CSH,52608,True,101902,12.528974405624549
ES-FtD,/perm/pad/fluxnet-shuttle-ecland/flux/shuttle-all775-era5/ES-FtD_2021-2024_FLUXNET2015_Flux.nc,2021,2024,,,,36.9981803894043,-6.434569835662842,?,70128,False,110358,10.168904027828177
ES-Gdn,/perm/pad/fluxnet-shuttle-ecland/flux/shuttle-all775-era5/ES-Gdn_2015-2020_FLUXNET2015_Flux.nc,2015,2020,/perm/pad/fluxnet-shuttle-ecland/soil/shuttle-all775-era5/soil_ES-Gdn_2014-2021.nc,2014.0,2021.0,37.910919189453125,-3.228440046310425,CRO,105216,True,107127,15.519173505181952
ES-HdD,/perm/pad/fluxnet-shuttle-ecland/flux/shuttle-all775-era5/ES-HdD_2024-2024_FLUXNET2015_Flux.nc,2024,2024,/perm/pad/fluxnet-shuttle-ecland/soil/shuttle-all775-era5/soil_ES-HdD_2024-2024.nc,2024.0,2024.0,38.49679183959961,-5.1112961769104,SAV,17568,True,104962,20.704513018060542
ES-HeB,/perm/pad/fluxnet-shuttle-ecland/flux/shuttle-all775-era5/ES-HeB_2019-2024_FLUXNET2015_Flux.nc,2019,2024,/perm/pad/fluxnet-shuttle-ecland/soil/shuttle-all775-era5/soil_ES-HeB_2019-2024.nc,2019.0,2024.0,38.40475082397461,-1.7262150049209595,ENF,105216,True,104972,5.625059583114666
ES-LJu,/perm/pad/fluxnet-shuttle-ecland/flux/shuttle-all775-era5/ES-LJu_2005-2024_FLUXNET2015_Flux.nc,2005,2024,/perm/pad/fluxnet-shuttle-ecland/soil/shuttle-all775-era5/soil_ES-LJu_2004-2024.nc,2004.0,2024.0,36.92660140991211,-2.7520999908447266,OSH,350640,True,110369,8.24428736874505
ES-LM1,/perm/pad/fluxnet-shuttle-ecland/flux/shuttle-all775-era5/ES-LM1_2015-2024_FLUXNET2015_Flux.nc,2015,2024,/perm/pad/fluxnet-shuttle-ecland/soil/shuttle-all775-era5/soil_ES-LM1_2014-2024.nc,2014.0,2024.0,39.942691802978516,-5.778679847717285,SAV,175344,True,98817,11.687774236497376
ES-Ln2,/perm/pad/fluxnet-shuttle-ecland/flux/shuttle-all775-era5/ES-Ln2_2009-2009_FLUXNET2015_Flux.nc,2009,2009,/perm/pad/fluxnet-shuttle-ecland/soil/shuttle-all775-era5/soil_ES-Ln2_2009-2009.nc,2009.0,2009.0,36.96950149536133,-3.4758200645446777,OSH,17520,True,110367,12.755165445687062
ES-Mcd,/perm/pad/fluxnet-shuttle-ecland/flux/shuttle-all775-era5/ES-Mcd_2019-2024_FLUXNET2015_Flux.nc,2019,2024,/perm/pad/fluxnet-shuttle-ecland/soil/shuttle-all775-era5/soil_ES-Mcd_2018-2024.nc,2018.0,2024.0,39.58818817138672,-0.39969000220298767,EBF,105216,True,100880,12.218495536199965
ES-Pdu,/perm/pad/fluxnet-shuttle-ecland/flux/shuttle-all775-era5/ES-Pdu_2014-2016_FLUXNET2015_Flux.nc,2014,2016,/perm/pad/fluxnet-shuttle-ecland/soil/shuttle-all775-era5/soil_ES-Pdu_2014-2017.nc,2014.0,2017.0,37.0169792175293,-3.6092300415039062,CRO,52608,True,110366,8.530745916906321
ES-Pzb,/perm/pad/fluxnet-shuttle-ecland/flux/shuttle-all775-era5/ES-Pzb_2021-2024_FLUXNET2015_Flux.nc,2021,2024,/perm/pad/fluxnet-shuttle-ecland/soil/shuttle-all775-era5/soil_ES-Pzb_2020-2024.nc,2020.0,2024.0,38.362117767333984,-4.767329216003418,GRA,70128,True,104963,13.475732137052747
ES-Srn,/perm/pad/fluxnet-shuttle-ecland/flux/shuttle-all775-era5/ES-Srn_2024-2024_FLUXNET2015_Flux.nc,2024,2024,,,,40.15047073364258,-0.8380832076072693,EBF,17568,False,98831,15.287385304386948
ES-TzM,/perm/pad/fluxnet-shuttle-ecland/flux/shuttle-all775-era5/ES-TzM_2021-2024_FLUXNET2015_Flux.nc,2021,2024,/perm/pad/fluxnet-shuttle-ecland/soil/shuttle-all775-era5/soil_ES-TzM_2020-2024.nc,2020.0,2024.0,39.265785217285156,-1.9397245645523071,DBF,70128,True,101899,16.158752682628926
ES-VDA,/perm/pad/fluxnet-shuttle-ecland/flux/shuttle-all775-era5/ES-VDA_2023-2024_FLUXNET2015_Flux.nc,2023,2024,/perm/pad/fluxnet-shuttle-ecland/soil/shuttle-all775-era5/soil_ES-VDA_2022-2024.nc,2022.0,2024.0,42.15217971801758,1.4485000371932983,GRA,35088,True,90837,15.376911783463951
ES-Yst,/perm/pad/fluxnet-shuttle-ecland/flux/shuttle-all775-era5/ES-Yst_2020-2024_FLUXNET2015_Flux.nc,2020,2024,/perm/pad/fluxnet-shuttle-ecland/soil/shuttle-all775-era5/soil_ES-Yst_2019-2024.nc,2019.0,2024.0,38.33892822265625,-2.3506100177764893,WSA,87696,True,104970,9.919251209293677
FI-Hyy,/perm/pad/fluxnet-shuttle-ecland/flux/shuttle-all775-era5/FI-Hyy_1997-2025_FLUXNET2015_Flux.nc,1997,2025,/perm/pad/fluxnet-shuttle-ecland/soil/shuttle-all775-era5/soil_FI-Hyy_1997-2025.nc,1997.0,2025.0,61.84749984741211,24.295000076293945,ENF,508416,True,32531,14.449334118707151
FI-Jok,/perm/pad/fluxnet-shuttle-ecland/flux/shuttle-all775-era5/FI-Jok_2001-2002_FLUXNET2015_Flux.nc,2001,2002,/perm/pad/fluxnet-shuttle-ecland/soil/shuttle-all775-era5/soil_FI-Jok_2000-2003.nc,2000.0,2003.0,60.89860153198242,23.513500213623047,CRO,35040,True,35090,11.543097757473024
FI-Ken,/perm/pad/fluxnet-shuttle-ecland/flux/shuttle-all775-era5/FI-Ken_2018-2024_FLUXNET2015_Flux.nc,2018,2024,/perm/pad/fluxnet-shuttle-ecland/soil/shuttle-all775-era5/soil_FI-Ken_2018-2025.nc,2018.0,2025.0,67.98722839355469,24.24304962158203,WSA,122736,True,20522,16.47446776544877
FI-Let,/perm/pad/fluxnet-shuttle-ecland/flux/shuttle-all775-era5/FI-Let_2010-2024_FLUXNET2015_Flux.nc,2010,2024,/perm/pad/fluxnet-shuttle-ecland/soil/shuttle-all775-era5/soil_FI-Let_2010-2025.nc,2010.0,2025.0,60.64179992675781,23.959699630737305,ENF,262992,True,35739,9.67552289285346
FI-Nsv,/perm/pad/fluxnet-shuttle-ecland/flux/shuttle-all775-era5/FI-Nsv_2022-2024_FLUXNET2015_Flux.nc,2022,2024,/perm/pad/fluxnet-shuttle-ecland/soil/shuttle-all775-era5/soil_FI-Nsv_2021-2024.nc,2021.0,2024.0,62.86389923095703,24.083820343017578,CVM,52608,True,30611,7.953637106678294
FI-Pap,/perm/pad/fluxnet-shuttle-ecland/flux/shuttle-all775-era5/FI-Pap_2022-2022_FLUXNET2015_Flux.nc,2022,2022,/perm/pad/fluxnet-shuttle-ecland/soil/shuttle-all775-era5/soil_FI-Pap_2022-2022.nc,2022.0,2022.0,63.1380615234375,27.246116638183594,CRO,17520,True,30013,13.423420363505643
FI-Qvd,/perm/pad/fluxnet-shuttle-ecland/flux/shuttle-all775-era5/FI-Qvd_2019-2023_FLUXNET2015_Flux.nc,2019,2023,/perm/pad/fluxnet-shuttle-ecland/soil/shuttle-all775-era5/soil_FI-Qvd_2018-2023.nc,2018.0,2023.0,60.29524230957031,22.3916072845459,CRO,87648,True,36386,1.6498527729434118
FI-Rk2,/perm/pad/fluxnet-shuttle-ecland/flux/shuttle-all775-era5/FI-Rk2_2020-2023_FLUXNET2015_Flux.nc,2020,2023,/perm/pad/fluxnet-shuttle-ecland/soil/shuttle-all775-era5/soil_FI-Rk2_2020-2023.nc,2020.0,2023.0,61.182884216308594,25.262683868408203,ENF,70128,True,34453,7.062763218595112
FI-Ruk,/perm/pad/fluxnet-shuttle-ecland/flux/shuttle-all775-era5/FI-Ruk_2020-2023_FLUXNET2015_Flux.nc,2020,2023,/perm/pad/fluxnet-shuttle-ecland/soil/shuttle-all775-era5/soil_FI-Ruk_2020-2023.nc,2020.0,2023.0,64.6839828491211,25.1063175201416,CRO,70128,True,26480,11.556527571981052
FI-Sod,/perm/pad/fluxnet-shuttle-ecland/flux/shuttle-all775-era5/FI-Sod_2024-2024_FLUXNET2015_Flux.nc,2024,2024,/perm/pad/fluxnet-shuttle-ecland/soil/shuttle-all775-era5/soil_FI-Sod_2023-2024.nc,2023.0,2024.0,67.36186218261719,26.63783073425293,ENF,17568,True,21538,7.041125030546203
FI-Var,/perm/pad/fluxnet-shuttle-ecland/flux/shuttle-all775-era5/FI-Var_2016-2024_FLUXNET2015_Flux.nc,2016,2024,/perm/pad/fluxnet-shuttle-ecland/soil/shuttle-all775-era5/soil_FI-Var_2016-2025.nc,2016.0,2025.0,67.75689697265625,29.615999221801758,ENF,157824,True,20529,13.080728087420512
FR-Aur,/perm/pad/fluxnet-shuttle-ecland/flux/shuttle-all775-era5/FR-Aur_2006-2024_FLUXNET2015_Flux.nc,2006,2024,/perm/pad/fluxnet-shuttle-ecland/soil/shuttle-all775-era5/soil_FR-Aur_2005-2024.nc,2005.0,2024.0,43.549598693847656,1.1061500310897827,CRO,333120,True,86012,14.580621385848197
FR-Bil,/perm/pad/fluxnet-shuttle-ecland/flux/shuttle-all775-era5/FR-Bil_2015-2025_FLUXNET2015_Flux.nc,2015,2025,/perm/pad/fluxnet-shuttle-ecland/soil/shuttle-all775-era5/soil_FR-Bil_2014-2025.nc,2014.0,2025.0,44.49388885498047,-0.9559400081634521,WSA,192864,True,83126,14.48654719593636
FR-CLt,/perm/pad/fluxnet-shuttle-ecland/flux/shuttle-all775-era5/FR-CLt_2020-2023_FLUXNET2015_Flux.nc,2020,2023,/perm/pad/fluxnet-shuttle-ecland/soil/shuttle-all775-era5/soil_FR-CLt_2019-2024.nc,2019.0,2024.0,45.04140090942383,6.410530090332031,GRA,70128,True,80266,7.640539639454524
FR-EM2,/perm/pad/fluxnet-shuttle-ecland/flux/shuttle-all775-era5/FR-EM2_2017-2024_FLUXNET2015_Flux.nc,2017,2024,/perm/pad/fluxnet-shuttle-ecland/soil/shuttle-all775-era5/soil_FR-EM2_2017-2024.nc,2017.0,2024.0,49.872108459472656,3.0206499099731445,CRO,140256,True,64800,7.546803691826123
FR-FBn,/perm/pad/fluxnet-shuttle-ecland/flux/shuttle-all775-era5/FR-FBn_2009-2024_FLUXNET2015_Flux.nc,2009,2024,,,,43.24082946777344,5.67917013168335,ENF,280512,False,86024,20.31071059441009
FR-Fon,/perm/pad/fluxnet-shuttle-ecland/flux/shuttle-all775-era5/FR-Fon_2020-2024_FLUXNET2015_Flux.nc,2020,2024,/perm/pad/fluxnet-shuttle-ecland/soil/shuttle-all775-era5/soil_FR-Fon_2019-2024.nc,2019.0,2024.0,48.47639846801758,2.780139923095703,DBF,87696,True,69156,1.4714430847552333
FR-Gri,/perm/pad/fluxnet-shuttle-ecland/flux/shuttle-all775-era5/FR-Gri_2005-2025_FLUXNET2015_Flux.nc,2005,2025,/perm/pad/fluxnet-shuttle-ecland/soil/shuttle-all775-era5/soil_FR-Gri_2004-2025.nc,2004.0,2025.0,48.84421920776367,1.9519100189208984,CRO,368160,True,68254,10.134132921947668
FR-Hes,/perm/pad/fluxnet-shuttle-ecland/flux/shuttle-all775-era5/FR-Hes_1998-2024_FLUXNET2015_Flux.nc,1998,2024,/perm/pad/fluxnet-shuttle-ecland/soil/shuttle-all775-era5/soil_FR-Hes_1997-2025.nc,1997.0,2025.0,48.67416000366211,7.0655598640441895,DBF,473376,True,68267,13.630125091109212
FR-LBr,/perm/pad/fluxnet-shuttle-ecland/flux/shuttle-all775-era5/FR-LBr_1998-2008_FLUXNET2015_Flux.nc,1998,2008,/perm/pad/fluxnet-shuttle-ecland/soil/shuttle-all775-era5/soil_FR-LBr_1998-2008.nc,1998.0,2008.0,44.71710968017578,-0.7692999839782715,ENF,192864,True,82167,12.020259361947424
FR-LGt,/perm/pad/fluxnet-shuttle-ecland/flux/shuttle-all775-era5/FR-LGt_2018-2024_FLUXNET2015_Flux.nc,2018,2024,/perm/pad/fluxnet-shuttle-ecland/soil/shuttle-all775-era5/soil_FR-LGt_2017-2024.nc,2017.0,2024.0,47.32291793823242,2.284101963043213,WET,122736,True,72755,9.376488411774618
FR-Lqu,/perm/pad/fluxnet-shuttle-ecland/flux/shuttle-all775-era5/FR-Lqu_2023-2024_FLUXNET2015_Flux.nc,2023,2024,/perm/pad/fluxnet-shuttle-ecland/soil/shuttle-all775-era5/soil_FR-Lqu_2022-2024.nc,2022.0,2024.0,45.64440155029297,2.7348999977111816,GRA,35088,True,78336,8.917133955438807
FR-Lus,/perm/pad/fluxnet-shuttle-ecland/flux/shuttle-all775-era5/FR-Lus_2023-2024_FLUXNET2015_Flux.nc,2023,2024,/perm/pad/fluxnet-shuttle-ecland/soil/shuttle-all775-era5/soil_FR-Lus_2022-2024.nc,2022.0,2024.0,46.41556930541992,0.11922000348567963,CRO,35088,True,75449,13.959102742820782
FR-Mej,/perm/pad/fluxnet-shuttle-ecland/flux/shuttle-all775-era5/FR-Mej_2019-2024_FLUXNET2015_Flux.nc,2019,2024,/perm/pad/fluxnet-shuttle-ecland/soil/shuttle-all775-era5/soil_FR-Mej_2019-2024.nc,2019.0,2024.0,48.11840057373047,-1.7963500022888184,GRA,105216,True,70945,16.968563822374534
FR-Nzn,/perm/pad/fluxnet-shuttle-ecland/flux/shuttle-all775-era5/FR-Nzn_2016-2024_FLUXNET2015_Flux.nc,2016,2024,/perm/pad/fluxnet-shuttle-ecland/soil/shuttle-all775-era5/soil_FR-Nzn_2016-2024.nc,2016.0,2024.0,48.00581359863281,-2.8172099590301514,GRA,157824,True,71842,10.10492420813948
FR-Pue,/perm/pad/fluxnet-shuttle-ecland/flux/shuttle-all775-era5/FR-Pue_2001-2025_FLUXNET2015_Flux.nc,2001,2025,/perm/pad/fluxnet-shuttle-ecland/soil/shuttle-all775-era5/soil_FR-Pue_2000-2025.nc,2000.0,2025.0,43.741390228271484,3.595829963684082,EBF,438288,True,85059,13.20828582194951
FR-Tou,/perm/pad/fluxnet-shuttle-ecland/flux/shuttle-all775-era5/FR-Tou_2018-2024_FLUXNET2015_Flux.nc,2018,2024,/perm/pad/fluxnet-shuttle-ecland/soil/shuttle-all775-era5/soil_FR-Tou_2018-2024.nc,2018.0,2024.0,43.57285690307617,1.3747400045394897,GRA,122736,True,85053,17.38307025761453
GF-Guy,/perm/pad/fluxnet-shuttle-ecland/flux/shuttle-all775-era5/GF-Guy_2017-2023_FLUXNET2015_Flux.nc,2017,2023,/perm/pad/fluxnet-shuttle-ecland/soil/shuttle-all775-era5/soil_GF-Guy_2017-2024.nc,2017.0,2024.0,5.278771877288818,-52.92485809326172,EBF,122688,True,247812,10.442159955083577
GH-Ank,/perm/pad/fluxnet-shuttle-ecland/flux/shuttle-all775-era5/GH-Ank_2012-2013_FLUXNET2015_Flux.nc,2012,2013,/perm/pad/fluxnet-shuttle-ecland/soil/shuttle-all775-era5/soil_GH-Ank_2011-2014.nc,2011.0,2014.0,5.268499851226807,-2.694200038909912,EBF,35088,True,247990,15.205714845379752
GL-Dsk,/perm/pad/fluxnet-shuttle-ecland/flux/shuttle-all775-era5/GL-Dsk_2020-2024_FLUXNET2015_Flux.nc,2020,2024,/perm/pad/fluxnet-shuttle-ecland/soil/shuttle-all775-era5/soil_GL-Dsk_2020-2024.nc,2020.0,2024.0,69.25348663330078,-53.514129638671875,OSH,87696,True,17971,35.0812011272802
GL-NuF,/perm/pad/fluxnet-shuttle-ecland/flux/shuttle-all775-era5/GL-NuF_2020-2023_FLUXNET2015_Flux.nc,2020,2023,/perm/pad/fluxnet-shuttle-ecland/soil/shuttle-all775-era5/soil_GL-NuF_2019-2024.nc,2019.0,2024.0,64.13093566894531,-51.38606643676758,WET,70128,True,28086,11.476009610818314
GL-ZaH,/perm/pad/fluxnet-shuttle-ecland/flux/shuttle-all775-era5/GL-ZaH_2021-2023_FLUXNET2015_Flux.nc,2021,2023,/perm/pad/fluxnet-shuttle-ecland/soil/shuttle-all775-era5/soil_GL-ZaH_2020-2024.nc,2020.0,2024.0,74.47329711914062,-20.55086898803711,GRA,52560,True,10420,20.500139593456105
HK-MPM,/perm/pad/fluxnet-shuttle-ecland/flux/shuttle-all775-era5/HK-MPM_2017-2018_FLUXNET2015_Flux.nc,2017,2018,/perm/pad/fluxnet-shuttle-ecland/soil/shuttle-all775-era5/soil_HK-MPM_2016-2018.nc,2016.0,2018.0,22.498167037963867,114.02923583984375,EBF,35040,True,168200,14.618522835650827
ID-JOP,/perm/pad/fluxnet-shuttle-ecland/flux/shuttle-all775-era5/ID-JOP_2015-2023_FLUXNET2015_Flux.nc,2015,2023,/perm/pad/fluxnet-shuttle-ecland/soil/shuttle-all775-era5/soil_ID-JOP_2014-2024.nc,2014.0,2024.0,-1.693060040473938,103.39138793945312,EBF,157776,True,279088,19.145033095131513
ID-PaD,/perm/pad/fluxnet-shuttle-ecland/flux/shuttle-all775-era5/ID-PaD_2001-2017_FLUXNET2015_Flux.nc,2001,2017,,,,-2.3460707664489746,114.03640747070312,EBF,298032,False,281685,15.219602018648859
IE-CaN,/perm/pad/fluxnet-shuttle-ecland/flux/shuttle-all775-era5/IE-CaN_2004-2006_FLUXNET2015_Flux.nc,2004,2006,/perm/pad/fluxnet-shuttle-ecland/soil/shuttle-all775-era5/soil_IE-CaN_2003-2007.nc,2003.0,2007.0,52.85879135131836,-6.918136119842529,CRO,52608,True,56310,17.082507019942486
IE-Cra,/perm/pad/fluxnet-shuttle-ecland/flux/shuttle-all775-era5/IE-Cra_2020-2024_FLUXNET2015_Flux.nc,2020,2024,/perm/pad/fluxnet-shuttle-ecland/soil/shuttle-all775-era5/soil_IE-Cra_2020-2024.nc,2020.0,2024.0,53.32307815551758,-7.641769886016846,WET,87696,True,55508,7.562410982000031
IE-Gwr,/perm/pad/fluxnet-shuttle-ecland/flux/shuttle-all775-era5/IE-Gwr_2016-2016_FLUXNET2015_Flux.nc,2016,2016,/perm/pad/fluxnet-shuttle-ecland/soil/shuttle-all775-era5/soil_IE-Gwr_2016-2016.nc,2016.0,2016.0,52.63650131225586,-7.011305809020996,CRO,17568,True,57109,14.20045497988041
IL-RmH,/perm/pad/fluxnet-shuttle-ecland/flux/shuttle-all775-era5/IL-RmH_2016-2019_FLUXNET2015_Flux.nc,2016,2019,/perm/pad/fluxnet-shuttle-ecland/soil/shuttle-all775-era5/soil_IL-RmH_2015-2020.nc,2015.0,2020.0,32.55550003051758,34.94728469848633,EBF,70128,True,126957,26.013823705217114
IL-Yat,/perm/pad/fluxnet-shuttle-ecland/flux/shuttle-all775-era5/IL-Yat_2001-2024_FLUXNET2015_Flux.nc,2001,2024,/perm/pad/fluxnet-shuttle-ecland/soil/shuttle-all775-era5/soil_IL-Yat_2000-2024.nc,2000.0,2024.0,31.344999313354492,35.05149841308594,ENF,420768,True,131457,14.148152190720303
IT-Arz,/perm/pad/fluxnet-shuttle-ecland/flux/shuttle-all775-era5/IT-Arz_2017-2023_FLUXNET2015_Flux.nc,2017,2023,/perm/pad/fluxnet-shuttle-ecland/soil/shuttle-all775-era5/soil_IT-Arz_2016-2024.nc,2016.0,2024.0,45.6190185546875,10.002280235290527,OSH,122688,True,78356,10.95404019022445
IT-BCi,/perm/pad/fluxnet-shuttle-ecland/flux/shuttle-all775-era5/IT-BCi_2005-2025_FLUXNET2015_Flux.nc,2005,2025,/perm/pad/fluxnet-shuttle-ecland/soil/shuttle-all775-era5/soil_IT-BCi_2004-2025.nc,2004.0,2025.0,40.523799896240234,14.957440376281738,CRO,368160,True,95875,16.675115426457683
IT-BFt,/perm/pad/fluxnet-shuttle-ecland/flux/shuttle-all775-era5/IT-BFt_2019-2024_FLUXNET2015_Flux.nc,2019,2024,/perm/pad/fluxnet-shuttle-ecland/soil/shuttle-all775-era5/soil_IT-BFt_2019-2024.nc,2019.0,2024.0,45.20222091674805,10.74271011352539,MF,105216,True,80278,14.952983197774051
IT-BsB,/perm/pad/fluxnet-shuttle-ecland/flux/shuttle-all775-era5/IT-BsB_2022-2024_FLUXNET2015_Flux.nc,2022,2024,/perm/pad/fluxnet-shuttle-ecland/soil/shuttle-all775-era5/soil_IT-BsB_2021-2024.nc,2021.0,2024.0,45.118228912353516,7.161994934082031,DBF,52608,True,80268,3.2361775179128416
IT-Cp2,/perm/pad/fluxnet-shuttle-ecland/flux/shuttle-all775-era5/IT-Cp2_2013-2025_FLUXNET2015_Flux.nc,2013,2025,/perm/pad/fluxnet-shuttle-ecland/soil/shuttle-all775-era5/soil_IT-Cp2_2012-2025.nc,2012.0,2025.0,41.70426559448242,12.357290267944336,EBF,227904,True,91868,20.396402485881865
IT-Lav,/perm/pad/fluxnet-shuttle-ecland/flux/shuttle-all775-era5/IT-Lav_2003-2020_FLUXNET2015_Flux.nc,2003,2020,/perm/pad/fluxnet-shuttle-ecland/soil/shuttle-all775-era5/soil_IT-Lav_2003-2020.nc,2003.0,2020.0,45.956199645996094,11.281319618225098,ENF,315600,True,77399,2.5696971395421397
IT-Lsn,/perm/pad/fluxnet-shuttle-ecland/flux/shuttle-all775-era5/IT-Lsn_2016-2024_FLUXNET2015_Flux.nc,2016,2024,/perm/pad/fluxnet-shuttle-ecland/soil/shuttle-all775-era5/soil_IT-Lsn_2016-2024.nc,2016.0,2024.0,45.740482330322266,12.750296592712402,OSH,157824,True,78363,8.123143732204806
IT-MBo,/perm/pad/fluxnet-shuttle-ecland/flux/shuttle-all775-era5/IT-MBo_2003-2024_FLUXNET2015_Flux.nc,2003,2024,/perm/pad/fluxnet-shuttle-ecland/soil/shuttle-all775-era5/soil_IT-MBo_2003-2025.nc,2003.0,2025.0,46.014678955078125,11.045829772949219,GRA,385728,True,77398,15.114549183563945
IT-MtM,/perm/pad/fluxnet-shuttle-ecland/flux/shuttle-all775-era5/IT-MtM_2014-2019_FLUXNET2015_Flux.nc,2014,2019,/perm/pad/fluxnet-shuttle-ecland/soil/shuttle-all775-era5/soil_IT-MtM_2014-2019.nc,2014.0,2019.0,46.6871337890625,10.579597473144531,GRA,105168,True,74575,17.947519708351972
IT-NiG,/perm/pad/fluxnet-shuttle-ecland/flux/shuttle-all775-era5/IT-NiG_2020-2024_FLUXNET2015_Flux.nc,2020,2024,/perm/pad/fluxnet-shuttle-ecland/soil/shuttle-all775-era5/soil_IT-NiG_2020-2024.nc,2020.0,2024.0,45.51919174194336,7.171433925628662,GRA,87696,True,79308,15.20359665700393
IT-Noe,/perm/pad/fluxnet-shuttle-ecland/flux/shuttle-all775-era5/IT-Noe_2022-2024_FLUXNET2015_Flux.nc,2022,2024,/perm/pad/fluxnet-shuttle-ecland/soil/shuttle-all775-era5/soil_IT-Noe_2022-2024.nc,2022.0,2024.0,40.60612869262695,8.151459693908691,CSH,52608,True,95856,10.85539320348721
IT-Ren,/perm/pad/fluxnet-shuttle-ecland/flux/shuttle-all775-era5/IT-Ren_1999-2025_FLUXNET2015_Flux.nc,1999,2025,/perm/pad/fluxnet-shuttle-ecland/soil/shuttle-all775-era5/soil_IT-Ren_1999-2025.nc,1999.0,2025.0,46.58686065673828,11.433690071105957,ENF,473376,True,75479,16.412939364345394
IT-Ro2,/perm/pad/fluxnet-shuttle-ecland/flux/shuttle-all775-era5/IT-Ro2_2002-2012_FLUXNET2015_Flux.nc,2002,2012,/perm/pad/fluxnet-shuttle-ecland/soil/shuttle-all775-era5/soil_IT-Ro2_2002-2012.nc,2002.0,2012.0,42.3902587890625,11.920929908752441,DBF,192864,True,89893,12.011384983158077
IT-SRo,/perm/pad/fluxnet-shuttle-ecland/flux/shuttle-all775-era5/IT-SRo_1999-2012_FLUXNET2015_Flux.nc,1999,2012,/perm/pad/fluxnet-shuttle-ecland/soil/shuttle-all775-era5/soil_IT-SRo_1999-2012.nc,1999.0,2012.0,43.72785949707031,10.284440040588379,ENF,245472,True,85077,17.59540142204079
IT-Tor,/perm/pad/fluxnet-shuttle-ecland/flux/shuttle-all775-era5/IT-Tor_2009-2023_FLUXNET2015_Flux.nc,2009,2023,/perm/pad/fluxnet-shuttle-ecland/soil/shuttle-all775-era5/soil_IT-Tor_2008-2024.nc,2008.0,2024.0,45.84444046020508,7.578060150146484,GRA,262944,True,77389,13.048890120469812
JP-Api,/perm/pad/fluxnet-shuttle-ecland/flux/shuttle-all775-era5/JP-Api_2001-2022_FLUXNET2015_Flux.nc,2001,2022,/perm/pad/fluxnet-shuttle-ecland/soil/shuttle-all775-era5/soil_JP-Api_2000-2022.nc,2000.0,2022.0,40.00135803222656,140.93658447265625,DBF,385680,True,98224,15.863351191774827
JP-BBY,/perm/pad/fluxnet-shuttle-ecland/flux/shuttle-all775-era5/JP-BBY_2014-2020_FLUXNET2015_Flux.nc,2014,2020,/perm/pad/fluxnet-shuttle-ecland/soil/shuttle-all775-era5/soil_JP-BBY_2014-2020.nc,2014.0,2020.0,43.322998046875,141.81065368652344,WET,122736,True,86387,11.765833895489576
JP-Fjy,/perm/pad/fluxnet-shuttle-ecland/flux/shuttle-all775-era5/JP-Fjy_2001-2020_FLUXNET2015_Flux.nc,2001,2020,/perm/pad/fluxnet-shuttle-ecland/soil/shuttle-all775-era5/soil_JP-Fjy_2001-2021.nc,2001.0,2021.0,35.45454025268555,138.7622528076172,ENF,350640,True,115113,13.723750768211103
JP-Fmt,/perm/pad/fluxnet-shuttle-ecland/flux/shuttle-all775-era5/JP-Fmt_2014-2022_FLUXNET2015_Flux.nc,2014,2022,,,,35.63874435424805,139.37974548339844,MF,157776,False,115115,10.688528956742974
JP-Hc3,/perm/pad/fluxnet-shuttle-ecland/flux/shuttle-all775-era5/JP-Hc3_2005-2008_FLUXNET2015_Flux.nc,2005,2008,,,,34.5396728515625,133.91172790527344,CRO,70128,False,118339,20.30879156316733
JP-Khw,/perm/pad/fluxnet-shuttle-ecland/flux/shuttle-all775-era5/JP-Khw_2010-2021_FLUXNET2015_Flux.nc,2010,2021,/perm/pad/fluxnet-shuttle-ecland/soil/shuttle-all775-era5/soil_JP-Khw_2000-2021.nc,2000.0,2021.0,33.13658142089844,130.70834350585938,ENF,210384,True,125005,18.868543389844174
JP-Kzw,/perm/pad/fluxnet-shuttle-ecland/flux/shuttle-all775-era5/JP-Kzw_2005-2005_FLUXNET2015_Flux.nc,2005,2005,/perm/pad/fluxnet-shuttle-ecland/soil/shuttle-all775-era5/soil_JP-Kzw_2001-2008.nc,2001.0,2008.0,36.40678787231445,138.57257080078125,MF,17520,True,111873,8.55156435358313
JP-MBF,/perm/pad/fluxnet-shuttle-ecland/flux/shuttle-all775-era5/JP-MBF_2005-2010_FLUXNET2015_Flux.nc,2005,2010,/perm/pad/fluxnet-shuttle-ecland/soil/shuttle-all775-era5/soil_JP-MBF_2004-2011.nc,2004.0,2011.0,44.38690185546875,142.318603515625,DBF,105168,True,83509,20.006203725282617
JP-MMF,/perm/pad/fluxnet-shuttle-ecland/flux/shuttle-all775-era5/JP-MMF_2005-2010_FLUXNET2015_Flux.nc,2005,2010,/perm/pad/fluxnet-shuttle-ecland/soil/shuttle-all775-era5/soil_JP-MMF_2004-2011.nc,2004.0,2011.0,44.3218994140625,142.2613983154297,MF,105168,True,83508,12.720423540572698
JP-Mse,/perm/pad/fluxnet-shuttle-ecland/flux/shuttle-all775-era5/JP-Mse_2002-2006_FLUXNET2015_Flux.nc,2002,2006,/perm/pad/fluxnet-shuttle-ecland/soil/shuttle-all775-era5/soil_JP-Mse_2002-2009.nc,2002.0,2009.0,36.05392837524414,140.0269317626953,CRO,87648,True,112957,6.937522461253421
JP-NsC,/perm/pad/fluxnet-shuttle-ecland/flux/shuttle-all775-era5/JP-NsC_2005-2014_FLUXNET2015_Flux.nc,2005,2014,,,,36.91505432128906,139.9368438720703,GRA,175296,False,109717,7.192059650163356
JP-Om2,/perm/pad/fluxnet-shuttle-ecland/flux/shuttle-all775-era5/JP-Om2_2023-2025_FLUXNET2015_Flux.nc,2023,2025,/perm/pad/fluxnet-shuttle-ecland/soil/shuttle-all775-era5/soil_JP-Om2_2022-2025.nc,2022.0,2025.0,34.54245376586914,135.5082244873047,GRA,52608,True,119424,19.440814128402792
JP-SMF,/perm/pad/fluxnet-shuttle-ecland/flux/shuttle-all775-era5/JP-SMF_2003-2014_FLUXNET2015_Flux.nc,2003,2014,/perm/pad/fluxnet-shuttle-ecland/soil/shuttle-all775-era5/soil_JP-SMF_2002-2014.nc,2002.0,2014.0,35.26169967651367,137.07879638671875,MF,210384,True,116188,7.20370398966783
JP-Sb1,/perm/pad/fluxnet-shuttle-ecland/flux/shuttle-all775-era5/JP-Sb1_2008-2009_FLUXNET2015_Flux.nc,2008,2009,/perm/pad/fluxnet-shuttle-ecland/soil/shuttle-all775-era5/soil_JP-Sb1_2007-2010.nc,2007.0,2010.0,45.10470199584961,141.68797302246094,WET,35088,True,80627,4.868591659371098
JP-Shn,/perm/pad/fluxnet-shuttle-ecland/flux/shuttle-all775-era5/JP-Shn_2015-2019_FLUXNET2015_Flux.nc,2015,2019,,,,35.865753173828125,137.93255615234375,MF,87648,False,114031,7.181187962263368
JP-Srk,/perm/pad/fluxnet-shuttle-ecland/flux/shuttle-all775-era5/JP-Srk_2010-2015_FLUXNET2015_Flux.nc,2010,2015,,,,40.56555938720703,140.12777709960938,MF,105168,False,96222,8.840186421795867
JP-Tak,/perm/pad/fluxnet-shuttle-ecland/flux/shuttle-all775-era5/JP-Tak_1998-2021_FLUXNET2015_Flux.nc,1998,2021,/perm/pad/fluxnet-shuttle-ecland/soil/shuttle-all775-era5/soil_JP-Tak_1998-2021.nc,1998.0,2021.0,36.14617156982422,137.42311096191406,MF,420768,True,112949,8.894620820144445
JP-Tef,/perm/pad/fluxnet-shuttle-ecland/flux/shuttle-all775-era5/JP-Tef_2002-2023_FLUXNET2015_Flux.nc,2002,2023,/perm/pad/fluxnet-shuttle-ecland/soil/shuttle-all775-era5/soil_JP-Tef_2001-2023.nc,2001.0,2023.0,45.056339263916016,142.106201171875,MF,385680,True,80628,5.648115523166009
JP-Tkb,/perm/pad/fluxnet-shuttle-ecland/flux/shuttle-all775-era5/JP-Tkb_2018-2019_FLUXNET2015_Flux.nc,2018,2019,/perm/pad/fluxnet-shuttle-ecland/soil/shuttle-all775-era5/soil_JP-Tkb_2018-2019.nc,2018.0,2019.0,36.173377990722656,140.1766357421875,ENF,35040,True,112958,15.619218979356953
JP-Tmd,/perm/pad/fluxnet-shuttle-ecland/flux/shuttle-all775-era5/JP-Tmd_2005-2023_FLUXNET2015_Flux.nc,2005,2023,/perm/pad/fluxnet-shuttle-ecland/soil/shuttle-all775-era5/soil_JP-Tmd_2005-2023.nc,2005.0,2023.0,42.73591232299805,141.5231475830078,GRA,333072,True,88306,18.10463154250301
JP-Toc,/perm/pad/fluxnet-shuttle-ecland/flux/shuttle-all775-era5/JP-Toc_2011-2014_FLUXNET2015_Flux.nc,2011,2014,,,,42.7097282409668,141.56590270996094,DBF,70128,False,88307,22.233982053729903
JP-Yms,/perm/pad/fluxnet-shuttle-ecland/flux/shuttle-all775-era5/JP-Yms_2000-2023_FLUXNET2015_Flux.nc,2000,2023,/perm/pad/fluxnet-shuttle-ecland/soil/shuttle-all775-era5/soil_JP-Yms_2000-2023.nc,2000.0,2023.0,34.790279388427734,135.8409423828125,DBF,420768,True,118345,17.217055271012825
KE-Chk,/perm/pad/fluxnet-shuttle-ecland/flux/shuttle-all775-era5/KE-Chk_2023-2023_FLUXNET2015_Flux.nc,2023,2023,/perm/pad/fluxnet-shuttle-ecland/soil/shuttle-all775-era5/soil_KE-Chk_2022-2024.nc,2022.0,2024.0,-3.666300058364868,38.35018539428711,WSA,17520,True,287816,18.025547173985466
KE-Kpt,/perm/pad/fluxnet-shuttle-ecland/flux/shuttle-all775-era5/KE-Kpt_2019-2023_FLUXNET2015_Flux.nc,2019,2023,/perm/pad/fluxnet-shuttle-ecland/soil/shuttle-all775-era5/soil_KE-Kpt_2018-2024.nc,2018.0,2024.0,-1.6141866445541382,37.13311004638672,GRA,87648,True,277572,7.672182254136169
KE-Mkt,/perm/pad/fluxnet-shuttle-ecland/flux/shuttle-all775-era5/KE-Mkt_2019-2023_FLUXNET2015_Flux.nc,2019,2023,/perm/pad/fluxnet-shuttle-ecland/soil/shuttle-all775-era5/soil_KE-Mkt_2019-2024.nc,2019.0,2024.0,-3.425858974456787,38.140663146972656,CRO,87648,True,286536,15.520890848151561
KH-Kmp,/perm/pad/fluxnet-shuttle-ecland/flux/shuttle-all775-era5/KH-Kmp_2011-2014_FLUXNET2015_Flux.nc,2011,2014,,,,12.744579315185547,105.47856903076172,EBF,70128,False,212535,4.822787478779167
KR-AdC,/perm/pad/fluxnet-shuttle-ecland/flux/shuttle-all775-era5/KR-AdC_2016-2018_FLUXNET2015_Flux.nc,2016,2018,/perm/pad/fluxnet-shuttle-ecland/soil/shuttle-all775-era5/soil_KR-AdC_2015-2018.nc,2015.0,2018.0,36.50564956665039,126.35909271240234,ENF,52608,True,110756,18.91123348140275
KR-CRK,/perm/pad/fluxnet-shuttle-ecland/flux/shuttle-all775-era5/KR-CRK_2016-2021_FLUXNET2015_Flux.nc,2016,2021,/perm/pad/fluxnet-shuttle-ecland/soil/shuttle-all775-era5/soil_KR-CRK_2015-2021.nc,2015.0,2021.0,38.20130157470703,127.24970245361328,CRO,105216,True,105359,15.381467275668209
KR-CmF,/perm/pad/fluxnet-shuttle-ecland/flux/shuttle-all775-era5/KR-CmF_2012-2019_FLUXNET2015_Flux.nc,2012,2019,/perm/pad/fluxnet-shuttle-ecland/soil/shuttle-all775-era5/soil_KR-CmF_2012-2019.nc,2012.0,2019.0,37.1599006652832,127.65364837646484,CRO,140256,True,108600,8.597430900604246
KR-GmR,/perm/pad/fluxnet-shuttle-ecland/flux/shuttle-all775-era5/KR-GmR_2017-2019_FLUXNET2015_Flux.nc,2017,2019,/perm/pad/fluxnet-shuttle-ecland/soil/shuttle-all775-era5/soil_KR-GmR_2017-2019.nc,2017.0,2019.0,35.748619079589844,126.86431884765625,CRO,52560,True,113998,15.311324094663336
KR-GmS,/perm/pad/fluxnet-shuttle-ecland/flux/shuttle-all775-era5/KR-GmS_2017-2019_FLUXNET2015_Flux.nc,2017,2019,/perm/pad/fluxnet-shuttle-ecland/soil/shuttle-all775-era5/soil_KR-GmS_2017-2019.nc,2017.0,2019.0,35.75088882446289,126.81378173828125,CRO,52560,True,113997,16.004903318246978
KR-HcM,/perm/pad/fluxnet-shuttle-ecland/flux/shuttle-all775-era5/KR-HcM_2016-2018_FLUXNET2015_Flux.nc,2016,2018,/perm/pad/fluxnet-shuttle-ecland/soil/shuttle-all775-era5/soil_KR-HcM_2015-2018.nc,2015.0,2018.0,37.619380950927734,127.84571075439453,MF,52608,True,107521,17.69538637222714
KR-JjM,/perm/pad/fluxnet-shuttle-ecland/flux/shuttle-all775-era5/KR-JjM_2015-2018_FLUXNET2015_Flux.nc,2015,2018,/perm/pad/fluxnet-shuttle-ecland/soil/shuttle-all775-era5/soil_KR-JjM_2015-2018.nc,2015.0,2018.0,33.3179817199707,126.56771850585938,MF,70128,True,123868,14.260853684917079
KR-Nj2,/perm/pad/fluxnet-shuttle-ecland/flux/shuttle-all775-era5/KR-Nj2_2023-2024_FLUXNET2015_Flux.nc,2023,2024,,,,35.02690124511719,126.8218994140625,CRO,35088,False,117237,14.776046354554325
KR-PcD,/perm/pad/fluxnet-shuttle-ecland/flux/shuttle-all775-era5/KR-PcD_2015-2018_FLUXNET2015_Flux.nc,2015,2018,/perm/pad/fluxnet-shuttle-ecland/soil/shuttle-all775-era5/soil_KR-PcD_2015-2018.nc,2015.0,2018.0,37.48183822631836,128.5160369873047,DBF,70128,True,107523,13.868809789766505
KR-ScC,/perm/pad/fluxnet-shuttle-ecland/flux/shuttle-all775-era5/KR-ScC_2015-2018_FLUXNET2015_Flux.nc,2015,2018,/perm/pad/fluxnet-shuttle-ecland/soil/shuttle-all775-era5/soil_KR-ScC_2015-2018.nc,2015.0,2018.0,37.22140884399414,129.2986297607422,ENF,70128,True,108604,26.492843545280138
KR-SmM,/perm/pad/fluxnet-shuttle-ecland/flux/shuttle-all775-era5/KR-SmM_2015-2020_FLUXNET2015_Flux.nc,2015,2020,/perm/pad/fluxnet-shuttle-ecland/soil/shuttle-all775-era5/soil_KR-SmM_2015-2021.nc,2015.0,2021.0,37.93893814086914,126.9547119140625,MF,105216,True,106438,16.105306914510717
KR-TwC,/perm/pad/fluxnet-shuttle-ecland/flux/shuttle-all775-era5/KR-TwC_2024-2024_FLUXNET2015_Flux.nc,2024,2024,,,,37.304931640625,127.31742858886719,ENF,17568,False,108599,7.736043654065486
KR-UAO,/perm/pad/fluxnet-shuttle-ecland/flux/shuttle-all775-era5/KR-UAO_2018-2019_FLUXNET2015_Flux.nc,2018,2019,/perm/pad/fluxnet-shuttle-ecland/soil/shuttle-all775-era5/soil_KR-UAO_2017-2019.nc,2017.0,2019.0,36.41682052612305,128.79904174804688,CRO,35040,True,111843,12.128955706336736
KR-WdE,/perm/pad/fluxnet-shuttle-ecland/flux/shuttle-all775-era5/KR-WdE_2016-2018_FLUXNET2015_Flux.nc,2016,2018,/perm/pad/fluxnet-shuttle-ecland/soil/shuttle-all775-era5/soil_KR-WdE_2015-2018.nc,2015.0,2018.0,34.35955810546875,126.67778778076172,EBF,52608,True,119397,7.482102590080523
ML-Kem,/perm/pad/fluxnet-shuttle-ecland/flux/shuttle-all775-era5/ML-Kem_2008-2008_FLUXNET2015_Flux.nc,2008,2008,,,,15.223699569702148,-1.5662000179290771,?,17568,False,201914,16.58296987277082
MN-Hst,/perm/pad/fluxnet-shuttle-ecland/flux/shuttle-all775-era5/MN-Hst_2016-2019_FLUXNET2015_Flux.nc,2016,2019,/perm/pad/fluxnet-shuttle-ecland/soil/shuttle-all775-era5/soil_MN-Hst_2015-2020.nc,2015.0,2020.0,47.59292984008789,105.85497283935547,GRA,70128,True,72114,11.819192460891024
MN-Kbu,/perm/pad/fluxnet-shuttle-ecland/flux/shuttle-all775-era5/MN-Kbu_2003-2008_FLUXNET2015_Flux.nc,2003,2008,/perm/pad/fluxnet-shuttle-ecland/soil/shuttle-all775-era5/soil_MN-Kbu_2003-2008.nc,2003.0,2008.0,47.21397018432617,108.73733520507812,GRA,105216,True,73021,16.230894350761258
MN-Nkh,/perm/pad/fluxnet-shuttle-ecland/flux/shuttle-all775-era5/MN-Nkh_2016-2019_FLUXNET2015_Flux.nc,2016,2019,/perm/pad/fluxnet-shuttle-ecland/soil/shuttle-all775-era5/soil_MN-Nkh_2015-2020.nc,2015.0,2020.0,47.6935920715332,107.48934173583984,GRA,70128,True,72118,10.566013078067307
MN-Udg,/perm/pad/fluxnet-shuttle-ecland/flux/shuttle-all775-era5/MN-Udg_2011-2011_FLUXNET2015_Flux.nc,2011,2011,/perm/pad/fluxnet-shuttle-ecland/soil/shuttle-all775-era5/soil_MN-Udg_2010-2012.nc,2010.0,2012.0,48.25648880004883,106.85115814208984,DNF,17520,True,70316,7.652272190144728
MX-Aog,/perm/pad/fluxnet-shuttle-ecland/flux/shuttle-all775-era5/MX-Aog_2017-2018_FLUXNET2015_Flux.nc,2017,2018,/perm/pad/fluxnet-shuttle-ecland/soil/shuttle-all775-era5/soil_MX-Aog_2016-2018.nc,2016.0,2018.0,26.99679946899414,-108.78919982910156,DBF,35040,True,149452,17.501910781668503
MX-PMm,/perm/pad/fluxnet-shuttle-ecland/flux/shuttle-all775-era5/MX-PMm_2017-2018_FLUXNET2015_Flux.nc,2017,2018,/perm/pad/fluxnet-shuttle-ecland/soil/shuttle-all775-era5/soil_MX-PMm_2017-2018.nc,2017.0,2018.0,20.846200942993164,-86.89920043945312,WET,35040,True,176026,24.208065042635575
MX-Tes,/perm/pad/fluxnet-shuttle-ecland/flux/shuttle-all775-era5/MX-Tes_2005-2008_FLUXNET2015_Flux.nc,2005,2008,/perm/pad/fluxnet-shuttle-ecland/soil/shuttle-all775-era5/soil_MX-Tes_2004-2008.nc,2004.0,2008.0,27.84000015258789,-109.30000305175781,WSA,70128,True,145865,15.489262080465643
MY-LHP,/perm/pad/fluxnet-shuttle-ecland/flux/shuttle-all775-era5/MY-LHP_2010-2018_FLUXNET2015_Flux.nc,2010,2018,/perm/pad/fluxnet-shuttle-ecland/soil/shuttle-all775-era5/soil_MY-LHP_2009-2019.nc,2009.0,2019.0,4.201006889343262,114.03907775878906,EBF,157776,True,252245,20.335040713455793
NL-Hrw,/perm/pad/fluxnet-shuttle-ecland/flux/shuttle-all775-era5/NL-Hrw_2002-2010_FLUXNET2015_Flux.nc,2002,2010,/perm/pad/fluxnet-shuttle-ecland/soil/shuttle-all775-era5/soil_NL-Hrw_2001-2010.nc,2001.0,2010.0,51.97246551513672,5.641228199005127,GRA,157776,True,58759,18.941756559103503
NL-Loo,/perm/pad/fluxnet-shuttle-ecland/flux/shuttle-all775-era5/NL-Loo_1997-2025_FLUXNET2015_Flux.nc,1997,2025,/perm/pad/fluxnet-shuttle-ecland/soil/shuttle-all775-era5/soil_NL-Loo_1997-2025.nc,1997.0,2025.0,52.16658020019531,5.743559837341309,ENF,508416,True,57948,4.581878170422548
NO-And,/perm/pad/fluxnet-shuttle-ecland/flux/shuttle-all775-era5/NO-And_2009-2014_FLUXNET2015_Flux.nc,2009,2014,/perm/pad/fluxnet-shuttle-ecland/soil/shuttle-all775-era5/soil_NO-And_2008-2014.nc,2008.0,2014.0,69.14277648925781,16.022220611572266,OSH,105168,True,18543,19.863960537728385
NO-Fns,/perm/pad/fluxnet-shuttle-ecland/flux/shuttle-all775-era5/NO-Fns_2021-2023_FLUXNET2015_Flux.nc,2021,2023,,,,60.593841552734375,7.527102470397949,SNO,52560,False,35710,14.14222635663481
NO-Hur,/perm/pad/fluxnet-shuttle-ecland/flux/shuttle-all775-era5/NO-Hur_2024-2024_FLUXNET2015_Flux.nc,2024,2024,/perm/pad/fluxnet-shuttle-ecland/soil/shuttle-all775-era5/soil_NO-Hur_2023-2024.nc,2023.0,2024.0,60.37163162231445,11.079489707946777,ENF,17568,True,36365,12.065237410663576
NO-Ikr,/perm/pad/fluxnet-shuttle-ecland/flux/shuttle-all775-era5/NO-Ikr_2020-2021_FLUXNET2015_Flux.nc,2020,2021,,,,69.33999633789062,25.299999237060547,WET,35088,False,18076,10.755239290488694
NZ-ADw,/perm/pad/fluxnet-shuttle-ecland/flux/shuttle-all775-era5/NZ-ADw_2016-2021_FLUXNET2015_Flux.nc,2016,2021,/perm/pad/fluxnet-shuttle-ecland/soil/shuttle-all775-era5/soil_NZ-ADw_2015-2022.nc,2015.0,2022.0,-43.649349212646484,172.34951782226562,GRA,105216,True,456531,13.358947566341788
NZ-Cla,/perm/pad/fluxnet-shuttle-ecland/flux/shuttle-all775-era5/NZ-Cla_2023-2024_FLUXNET2015_Flux.nc,2023,2024,/perm/pad/fluxnet-shuttle-ecland/soil/shuttle-all775-era5/soil_NZ-Cla_2022-2025.nc,2022.0,2025.0,-43.78628158569336,171.5955810546875,GRA,35088,True,456529,15.667235638440348
NZ-Kop,/perm/pad/fluxnet-shuttle-ecland/flux/shuttle-all775-era5/NZ-Kop_2012-2015_FLUXNET2015_Flux.nc,2012,2015,/perm/pad/fluxnet-shuttle-ecland/soil/shuttle-all775-era5/soil_NZ-Kop_2012-2015.nc,2012.0,2015.0,-37.38792037963867,175.55389404296875,EBF,70128,True,434390,17.517643754521988
NZ-Lau,/perm/pad/fluxnet-shuttle-ecland/flux/shuttle-all775-era5/NZ-Lau_2020-2025_FLUXNET2015_Flux.nc,2020,2025,/perm/pad/fluxnet-shuttle-ecland/soil/shuttle-all775-era5/soil_NZ-Lau_2019-2025.nc,2019.0,2025.0,-45.038902282714844,169.6811065673828,GRA,105216,True,461323,16.027619878446792
NZ-Oxf,/perm/pad/fluxnet-shuttle-ecland/flux/shuttle-all775-era5/NZ-Oxf_2006-2010_FLUXNET2015_Flux.nc,2006,2010,/perm/pad/fluxnet-shuttle-ecland/soil/shuttle-all775-era5/soil_NZ-Oxf_2006-2010.nc,2006.0,2010.0,-43.26089859008789,172.21588134765625,GRA,87648,True,454610,15.509436124168165
NZ-ScF,/perm/pad/fluxnet-shuttle-ecland/flux/shuttle-all775-era5/NZ-ScF_2008-2011_FLUXNET2015_Flux.nc,2008,2011,/perm/pad/fluxnet-shuttle-ecland/soil/shuttle-all775-era5/soil_NZ-ScF_2008-2011.nc,2008.0,2011.0,-37.459999084472656,175.22000122070312,GRA,70128,True,434389,11.87179230365311
PA-SPs,/perm/pad/fluxnet-shuttle-ecland/flux/shuttle-all775-era5/PA-SPs_2008-2009_FLUXNET2015_Flux.nc,2008,2009,/perm/pad/fluxnet-shuttle-ecland/soil/shuttle-all775-era5/soil_PA-SPs_2007-2010.nc,2007.0,2010.0,9.313799858093262,-79.63140106201172,GRA,35088,True,228517,11.93677267524649
PE-QFR,/perm/pad/fluxnet-shuttle-ecland/flux/shuttle-all775-era5/PE-QFR_2018-2019_FLUXNET2015_Flux.nc,2018,2019,/perm/pad/fluxnet-shuttle-ecland/soil/shuttle-all775-era5/soil_PE-QFR_2018-2022.nc,2018.0,2022.0,-3.834399938583374,-73.31900024414062,WET,35040,True,288699,10.676034341277727
PR-xGU,/perm/pad/fluxnet-shuttle-ecland/flux/shuttle-all775-era5/PR-xGU_2019-2024_FLUXNET2015_Flux.nc,2019,2024,/perm/pad/fluxnet-shuttle-ecland/soil/shuttle-all775-era5/soil_PR-xGU_2019-2024.nc,2019.0,2024.0,17.969600677490234,-66.86869812011719,EBF,105216,True,188882,18.897755904297266
RU-Che,/perm/pad/fluxnet-shuttle-ecland/flux/shuttle-all775-era5/RU-Che_2014-2020_FLUXNET2015_Flux.nc,2014,2020,/perm/pad/fluxnet-shuttle-ecland/soil/shuttle-all775-era5/soil_RU-Che_2013-2021.nc,2013.0,2021.0,68.613037109375,161.3414306640625,WET,122736,True,19220,12.367398611129442
RU-Ege,/perm/pad/fluxnet-shuttle-ecland/flux/shuttle-all775-era5/RU-Ege_2011-2017_FLUXNET2015_Flux.nc,2011,2017,/perm/pad/fluxnet-shuttle-ecland/soil/shuttle-all775-era5/soil_RU-Ege_2010-2018.nc,2010.0,2018.0,60.0155143737793,133.82400512695312,DNF,122736,True,37270,2.934416395329125
RU-Fyo,/perm/pad/fluxnet-shuttle-ecland/flux/shuttle-all775-era5/RU-Fyo_1999-2024_FLUXNET2015_Flux.nc,1999,2024,/perm/pad/fluxnet-shuttle-ecland/soil/shuttle-all775-era5/soil_RU-Fyo_1998-2024.nc,1998.0,2024.0,56.46152877807617,32.922080993652344,ENF,455856,True,46322,17.654164707283854
RU-Ha1,/perm/pad/fluxnet-shuttle-ecland/flux/shuttle-all775-era5/RU-Ha1_2003-2003_FLUXNET2015_Flux.nc,2003,2003,/perm/pad/fluxnet-shuttle-ecland/soil/shuttle-all775-era5/soil_RU-Ha1_2002-2004.nc,2002.0,2004.0,54.72517013549805,90.00215148925781,GRA,17520,True,50981,7.203779453626779
RU-SkP,/perm/pad/fluxnet-shuttle-ecland/flux/shuttle-all775-era5/RU-SkP_2005-2013_FLUXNET2015_Flux.nc,2005,2013,/perm/pad/fluxnet-shuttle-ecland/soil/shuttle-all775-era5/soil_RU-SkP_2004-2014.nc,2004.0,2014.0,62.255001068115234,129.16799926757812,DNF,157776,True,32078,10.743243339827428
RU-Tur,/perm/pad/fluxnet-shuttle-ecland/flux/shuttle-all775-era5/RU-Tur_2004-2004_FLUXNET2015_Flux.nc,2004,2004,/perm/pad/fluxnet-shuttle-ecland/soil/shuttle-all775-era5/soil_RU-Tur_2004-2004.nc,2004.0,2004.0,64.20889282226562,100.46354675292969,WSA,17568,True,27753,7.843833598504122
SD-Dem,/perm/pad/fluxnet-shuttle-ecland/flux/shuttle-all775-era5/SD-Dem_2008-2008_FLUXNET2015_Flux.nc,2008,2008,/perm/pad/fluxnet-shuttle-ecland/soil/shuttle-all775-era5/soil_SD-Dem_2007-2009.nc,2007.0,2009.0,13.282899856567383,30.478300094604492,SAV,17568,True,209708,13.374123539806687
SE-Deg,/perm/pad/fluxnet-shuttle-ecland/flux/shuttle-all775-era5/SE-Deg_2020-2024_FLUXNET2015_Flux.nc,2020,2024,/perm/pad/fluxnet-shuttle-ecland/soil/shuttle-all775-era5/soil_SE-Deg_2019-2024.nc,2019.0,2024.0,64.18196868896484,19.556690216064453,WET,87696,True,27623,9.547764865971347
SE-Htm,/perm/pad/fluxnet-shuttle-ecland/flux/shuttle-all775-era5/SE-Htm_2019-2024_FLUXNET2015_Flux.nc,2019,2024,/perm/pad/fluxnet-shuttle-ecland/soil/shuttle-all775-era5/soil_SE-Htm_2018-2024.nc,2018.0,2024.0,56.09762954711914,13.418970108032227,MF,105216,True,47031,3.7984835589270647
SE-Nor,/perm/pad/fluxnet-shuttle-ecland/flux/shuttle-all775-era5/SE-Nor_2019-2024_FLUXNET2015_Flux.nc,2019,2024,/perm/pad/fluxnet-shuttle-ecland/soil/shuttle-all775-era5/soil_SE-Nor_2018-2024.nc,2018.0,2024.0,60.08649826049805,17.47949981689453,ENF,105216,True,37052,11.719207844679328
SE-Ros,/perm/pad/fluxnet-shuttle-ecland/flux/shuttle-all775-era5/SE-Ros_2015-2020_FLUXNET2015_Flux.nc,2015,2020,/perm/pad/fluxnet-shuttle-ecland/soil/shuttle-all775-era5/soil_SE-Ros_2014-2020.nc,2014.0,2020.0,64.17250061035156,19.738000869750977,ENF,105216,True,27624,13.550571520046422
SE-St1,/perm/pad/fluxnet-shuttle-ecland/flux/shuttle-all775-era5/SE-St1_2013-2018_FLUXNET2015_Flux.nc,2013,2018,/perm/pad/fluxnet-shuttle-ecland/soil/shuttle-all775-era5/soil_SE-St1_2012-2019.nc,2012.0,2019.0,68.3541030883789,19.05030059814453,WET,105168,True,19514,15.99325768141881
SN-Dhr,/perm/pad/fluxnet-shuttle-ecland/flux/shuttle-all775-era5/SN-Dhr_2011-2022_FLUXNET2015_Flux.nc,2011,2022,/perm/pad/fluxnet-shuttle-ecland/soil/shuttle-all775-era5/soil_SN-Dhr_2010-2022.nc,2010.0,2022.0,15.402779579162598,-15.432220458984375,SAV,210384,True,201865,10.398180615886568
SN-Nkr,/perm/pad/fluxnet-shuttle-ecland/flux/shuttle-all775-era5/SN-Nkr_2019-2024_FLUXNET2015_Flux.nc,2019,2024,/perm/pad/fluxnet-shuttle-ecland/soil/shuttle-all775-era5/soil_SN-Nkr_2018-2024.nc,2018.0,2024.0,14.495809555053711,-16.453569412231445,CRO,105216,True,205701,15.302406148108538
TH-Kog,/perm/pad/fluxnet-shuttle-ecland/flux/shuttle-all775-era5/TH-Kog_2005-2013_FLUXNET2015_Flux.nc,2005,2013,/perm/pad/fluxnet-shuttle-ecland/soil/shuttle-all775-era5/soil_TH-Kog_2005-2013.nc,2005.0,2013.0,18.799999237060547,98.9000015258789,EBF,157776,True,185632,16.264519746707137
TH-Mae,/perm/pad/fluxnet-shuttle-ecland/flux/shuttle-all775-era5/TH-Mae_2005-2016_FLUXNET2015_Flux.nc,2005,2016,/perm/pad/fluxnet-shuttle-ecland/soil/shuttle-all775-era5/soil_TH-Mae_2005-2016.nc,2005.0,2016.0,14.574999809265137,98.85832977294922,EBF,210384,True,204831,18.82061100489281
UK-AMo,/perm/pad/fluxnet-shuttle-ecland/flux/shuttle-all775-era5/UK-AMo_2003-2024_FLUXNET2015_Flux.nc,2003,2024,/perm/pad/fluxnet-shuttle-ecland/soil/shuttle-all775-era5/soil_UK-AMo_2003-2024.nc,2003.0,2024.0,55.79167175292969,-3.2388899326324463,GRA,385728,True,48496,7.613465016314927
UK-Ags,/perm/pad/fluxnet-shuttle-ecland/flux/shuttle-all775-era5/UK-Ags_2023-2024_FLUXNET2015_Flux.nc,2023,2024,/perm/pad/fluxnet-shuttle-ecland/soil/shuttle-all775-era5/soil_UK-Ags_2023-2024.nc,2023.0,2024.0,53.30970001220703,-4.300439834594727,GRA,35088,True,55515,14.58323555669966
UK-BnB,/perm/pad/fluxnet-shuttle-ecland/flux/shuttle-all775-era5/UK-BnB_2022-2024_FLUXNET2015_Flux.nc,2022,2024,/perm/pad/fluxnet-shuttle-ecland/soil/shuttle-all775-era5/soil_UK-BnB_2021-2024.nc,2021.0,2024.0,54.82326126098633,-6.669839859008789,GRA,52608,True,50775,14.825240049920536
UK-CCr,/perm/pad/fluxnet-shuttle-ecland/flux/shuttle-all775-era5/UK-CCr_2023-2024_FLUXNET2015_Flux.nc,2023,2024,/perm/pad/fluxnet-shuttle-ecland/soil/shuttle-all775-era5/soil_UK-CCr_2022-2024.nc,2022.0,2024.0,52.25419998168945,-3.93356990814209,GRA,35088,True,58736,14.4149639601736
UK-Cvn,/perm/pad/fluxnet-shuttle-ecland/flux/shuttle-all775-era5/UK-Cvn_2024-2024_FLUXNET2015_Flux.nc,2024,2024,/perm/pad/fluxnet-shuttle-ecland/soil/shuttle-all775-era5/soil_UK-Cvn_2023-2024.nc,2023.0,2024.0,52.43339157104492,0.16217699646949768,GRA,17568,True,57125,11.247887256739434
UK-Gwr,/perm/pad/fluxnet-shuttle-ecland/flux/shuttle-all775-era5/UK-Gwr_2023-2024_FLUXNET2015_Flux.nc,2023,2024,/perm/pad/fluxnet-shuttle-ecland/soil/shuttle-all775-era5/soil_UK-Gwr_2022-2024.nc,2022.0,2024.0,54.85464096069336,-5.988277912139893,GRA,35088,True,50776,11.77314782544316
UK-HgF,/perm/pad/fluxnet-shuttle-ecland/flux/shuttle-all775-era5/UK-HgF_2024-2024_FLUXNET2015_Flux.nc,2024,2024,/perm/pad/fluxnet-shuttle-ecland/soil/shuttle-all775-era5/soil_UK-HgF_2023-2024.nc,2023.0,2024.0,52.55217742919922,0.5150570273399353,GRA,17568,True,56326,16.28275778536086
UK-HpF,/perm/pad/fluxnet-shuttle-ecland/flux/shuttle-all775-era5/UK-HpF_2024-2024_FLUXNET2015_Flux.nc,2024,2024,/perm/pad/fluxnet-shuttle-ecland/soil/shuttle-all775-era5/soil_UK-HpF_2023-2024.nc,2023.0,2024.0,52.24808883666992,-0.04982670024037361,CRO,17568,True,57935,13.44198628477973
US-A03,/perm/pad/fluxnet-shuttle-ecland/flux/shuttle-all775-era5/US-A03_2016-2020_FLUXNET2015_Flux.nc,2016,2020,/perm/pad/fluxnet-shuttle-ecland/soil/shuttle-all775-era5/soil_US-A03_2015-2021.nc,2015.0,2021.0,70.49530029296875,-149.88229370117188,BSV,87696,True,16415,15.074406888994154
US-A10,/perm/pad/fluxnet-shuttle-ecland/flux/shuttle-all775-era5/US-A10_2012-2021_FLUXNET2015_Flux.nc,2012,2021,/perm/pad/fluxnet-shuttle-ecland/soil/shuttle-all775-era5/soil_US-A10_2011-2022.nc,2011.0,2022.0,71.32420349121094,-156.61489868164062,BSV,175344,True,15064,9.416264917559332
US-A32,/perm/pad/fluxnet-shuttle-ecland/flux/shuttle-all775-era5/US-A32_2016-2016_FLUXNET2015_Flux.nc,2016,2016,/perm/pad/fluxnet-shuttle-ecland/soil/shuttle-all775-era5/soil_US-A32_2015-2017.nc,2015.0,2017.0,36.81930160522461,-97.8198013305664,GRA,17568,True,110084,20.366779190231266
US-A37,/perm/pad/fluxnet-shuttle-ecland/flux/shuttle-all775-era5/US-A37_2024-2024_FLUXNET2015_Flux.nc,2024,2024,/perm/pad/fluxnet-shuttle-ecland/soil/shuttle-all775-era5/soil_US-A37_2024-2024.nc,2024.0,2024.0,36.31060028076172,-97.9280014038086,CVM,17568,True,112243,11.242907199263271
US-A39,/perm/pad/fluxnet-shuttle-ecland/flux/shuttle-all775-era5/US-A39_2024-2024_FLUXNET2015_Flux.nc,2024,2024,/perm/pad/fluxnet-shuttle-ecland/soil/shuttle-all775-era5/soil_US-A39_2024-2024.nc,2024.0,2024.0,36.377601623535156,-96.06900024414062,CRO,17568,True,112249,6.422538558460648
US-A74,/perm/pad/fluxnet-shuttle-ecland/flux/shuttle-all775-era5/US-A74_2016-2017_FLUXNET2015_Flux.nc,2016,2017,/perm/pad/fluxnet-shuttle-ecland/soil/shuttle-all775-era5/soil_US-A74_2016-2017.nc,2016.0,2017.0,36.80849838256836,-97.54889678955078,CRO,35088,True,111164,18.228073336381044
US-ABe,/perm/pad/fluxnet-shuttle-ecland/flux/shuttle-all775-era5/US-ABe_2014-2015_FLUXNET2015_Flux.nc,2014,2015,/perm/pad/fluxnet-shuttle-ecland/soil/shuttle-all775-era5/soil_US-ABe_2013-2015.nc,2013.0,2015.0,27.165599822998047,-81.21610260009766,WET,35040,True,149544,9.760853301705293
US-ADR,/perm/pad/fluxnet-shuttle-ecland/flux/shuttle-all775-era5/US-ADR_2012-2016_FLUXNET2015_Flux.nc,2012,2016,/perm/pad/fluxnet-shuttle-ecland/soil/shuttle-all775-era5/soil_US-ADR_2011-2017.nc,2011.0,2017.0,36.76530075073242,-116.69329833984375,?,87696,True,111107,10.37617788000804
US-ALQ,/perm/pad/fluxnet-shuttle-ecland/flux/shuttle-all775-era5/US-ALQ_2016-2025_FLUXNET2015_Flux.nc,2016,2025,,,,46.030799865722656,-89.60669708251953,WET,175344,False,78090,9.264356082056864
US-AR1,/perm/pad/fluxnet-shuttle-ecland/flux/shuttle-all775-era5/US-AR1_2010-2012_FLUXNET2015_Flux.nc,2010,2012,/perm/pad/fluxnet-shuttle-ecland/soil/shuttle-all775-era5/soil_US-AR1_2009-2012.nc,2009.0,2012.0,36.426700592041016,-99.41999816894531,GRA,52608,True,112239,8.592702895634217
US-AR2,/perm/pad/fluxnet-shuttle-ecland/flux/shuttle-all775-era5/US-AR2_2010-2011_FLUXNET2015_Flux.nc,2010,2011,/perm/pad/fluxnet-shuttle-ecland/soil/shuttle-all775-era5/soil_US-AR2_2009-2012.nc,2009.0,2012.0,36.635799407958984,-99.59750366210938,GRA,35040,True,111158,7.5196830770039655
US-ARM,/perm/pad/fluxnet-shuttle-ecland/flux/shuttle-all775-era5/US-ARM_2003-2025_FLUXNET2015_Flux.nc,2003,2025,/perm/pad/fluxnet-shuttle-ecland/soil/shuttle-all775-era5/soil_US-ARM_2003-2025.nc,2003.0,2025.0,36.60580062866211,-97.48880004882812,CRO,403248,True,111165,15.833386462356213
US-ARb,/perm/pad/fluxnet-shuttle-ecland/flux/shuttle-all775-era5/US-ARb_2005-2006_FLUXNET2015_Flux.nc,2005,2006,,,,35.549739837646484,-98.04022979736328,GRA,35040,False,115483,3.6401623897214814
US-ASH,/perm/pad/fluxnet-shuttle-ecland/flux/shuttle-all775-era5/US-ASH_2016-2016_FLUXNET2015_Flux.nc,2016,2016,/perm/pad/fluxnet-shuttle-ecland/soil/shuttle-all775-era5/soil_US-ASH_2016-2016.nc,2016.0,2016.0,36.169700622558594,-120.20099639892578,DBF,17568,True,113256,13.483885091178447
US-Akn,/perm/pad/fluxnet-shuttle-ecland/flux/shuttle-all775-era5/US-Akn_2016-2021_FLUXNET2015_Flux.nc,2016,2021,,,,33.38330078125,-81.56559753417969,MF,105216,False,124342,9.578361739579437
US-Aud,/perm/pad/fluxnet-shuttle-ecland/flux/shuttle-all775-era5/US-Aud_2003-2024_FLUXNET2015_Flux.nc,2003,2024,/perm/pad/fluxnet-shuttle-ecland/soil/shuttle-all775-era5/soil_US-Aud_2002-2024.nc,2002.0,2024.0,31.590700149536133,-110.50920104980469,GRA,385728,True,131002,10.71511899632138
US-Bar,/perm/pad/fluxnet-shuttle-ecland/flux/shuttle-all775-era5/US-Bar_2005-2023_FLUXNET2015_Flux.nc,2005,2023,/perm/pad/fluxnet-shuttle-ecland/soil/shuttle-all775-era5/soil_US-Bar_2004-2023.nc,2004.0,2023.0,44.064640045166016,-71.28807830810547,MF,333072,True,84859,9.75982881738534
US-Bi1,/perm/pad/fluxnet-shuttle-ecland/flux/shuttle-all775-era5/US-Bi1_2017-2024_FLUXNET2015_Flux.nc,2017,2024,/perm/pad/fluxnet-shuttle-ecland/soil/shuttle-all775-era5/soil_US-Bi1_2016-2024.nc,2016.0,2024.0,38.09920120239258,-121.49929809570312,CRO,140256,True,105693,14.686977850264881
US-CGG,/perm/pad/fluxnet-shuttle-ecland/flux/shuttle-all775-era5/US-CGG_2020-2023_FLUXNET2015_Flux.nc,2020,2023,/perm/pad/fluxnet-shuttle-ecland/soil/shuttle-all775-era5/soil_US-CGG_2019-2024.nc,2019.0,2024.0,37.9379997253418,-121.9760971069336,GRA,70128,True,106771,15.64396581660981
US-CLF,/perm/pad/fluxnet-shuttle-ecland/flux/shuttle-all775-era5/US-CLF_2018-2019_FLUXNET2015_Flux.nc,2018,2019,/perm/pad/fluxnet-shuttle-ecland/soil/shuttle-all775-era5/soil_US-CLF_2017-2020.nc,2017.0,2020.0,40.636600494384766,-77.94239807128906,CVM,35040,True,96616,15.30286266110927
US-CRK,/perm/pad/fluxnet-shuttle-ecland/flux/shuttle-all775-era5/US-CRK_2022-2024_FLUXNET2015_Flux.nc,2022,2024,/perm/pad/fluxnet-shuttle-ecland/soil/shuttle-all775-era5/soil_US-CRK_2022-2025.nc,2022.0,2025.0,31.462900161743164,-95.34149932861328,ENF,52608,True,132174,14.34264187287048
US-CRT,/perm/pad/fluxnet-shuttle-ecland/flux/shuttle-all775-era5/US-CRT_2011-2013_FLUXNET2015_Flux.nc,2011,2013,/perm/pad/fluxnet-shuttle-ecland/soil/shuttle-all775-era5/soil_US-CRT_2011-2013.nc,2011.0,2013.0,41.628501892089844,-83.34709930419922,CRO,52608,True,92601,18.471846045616726
US-CS1,/perm/pad/fluxnet-shuttle-ecland/flux/shuttle-all775-era5/US-CS1_2018-2019_FLUXNET2015_Flux.nc,2018,2019,,,,44.10309982299805,-89.53790283203125,CRO,35040,False,84810,15.233162086529742
US-CS2,/perm/pad/fluxnet-shuttle-ecland/flux/shuttle-all775-era5/US-CS2_2019-2021_FLUXNET2015_Flux.nc,2019,2021,/perm/pad/fluxnet-shuttle-ecland/soil/shuttle-all775-era5/soil_US-CS2_2018-2022.nc,2018.0,2022.0,44.14670181274414,-89.50019836425781,ENF,52608,True,83850,16.25189415632654
US-CS6,/perm/pad/fluxnet-shuttle-ecland/flux/shuttle-all775-era5/US-CS6_2022-2023_FLUXNET2015_Flux.nc,2022,2023,/perm/pad/fluxnet-shuttle-ecland/soil/shuttle-all775-era5/soil_US-CS6_2022-2023.nc,2022.0,2023.0,44.4296989440918,-89.54399871826172,CRO,35040,True,82890,14.173098759486072
US-CdM,/perm/pad/fluxnet-shuttle-ecland/flux/shuttle-all775-era5/US-CdM_2020-2024_FLUXNET2015_Flux.nc,2020,2024,/perm/pad/fluxnet-shuttle-ecland/soil/shuttle-all775-era5/soil_US-CdM_2019-2024.nc,2019.0,2024.0,37.52410125732422,-109.74710083007812,WSA,87696,True,107888,7.130964683850301
US-Ced,/perm/pad/fluxnet-shuttle-ecland/flux/shuttle-all775-era5/US-Ced_2006-2014_FLUXNET2015_Flux.nc,2006,2014,/perm/pad/fluxnet-shuttle-ecland/soil/shuttle-all775-era5/soil_US-Ced_2005-2014.nc,2005.0,2014.0,39.83794021606445,-74.37909698486328,ENF,157776,True,99645,15.274328301574597
US-ChR,/perm/pad/fluxnet-shuttle-ecland/flux/shuttle-all775-era5/US-ChR_2006-2019_FLUXNET2015_Flux.nc,2006,2019,/perm/pad/fluxnet-shuttle-ecland/soil/shuttle-all775-era5/soil_US-ChR_2006-2019.nc,2006.0,2019.0,35.93109130859375,-84.3324203491211,DBF,245424,True,114444,11.088905695051109
US-Cop,/perm/pad/fluxnet-shuttle-ecland/flux/shuttle-all775-era5/US-Cop_2003-2006_FLUXNET2015_Flux.nc,2003,2006,/perm/pad/fluxnet-shuttle-ecland/soil/shuttle-all775-era5/soil_US-Cop_2001-2007.nc,2001.0,2007.0,38.09000015258789,-109.38999938964844,GRA,35064,True,105729,5.092242035499861
US-Cst,/perm/pad/fluxnet-shuttle-ecland/flux/shuttle-all775-era5/US-Cst_2014-2017_FLUXNET2015_Flux.nc,2014,2017,/perm/pad/fluxnet-shuttle-ecland/soil/shuttle-all775-era5/soil_US-Cst_2013-2017.nc,2013.0,2017.0,33.0442008972168,-91.92040252685547,ENF,70128,True,125435,7.924409797203955
US-Cwt,/perm/pad/fluxnet-shuttle-ecland/flux/shuttle-all775-era5/US-Cwt_2011-2024_FLUXNET2015_Flux.nc,2011,2024,/perm/pad/fluxnet-shuttle-ecland/soil/shuttle-all775-era5/soil_US-Cwt_2011-2024.nc,2011.0,2024.0,35.059200286865234,-83.42749786376953,DBF,122736,True,117687,11.649656845732068
US-DFC,/perm/pad/fluxnet-shuttle-ecland/flux/shuttle-all775-era5/US-DFC_2019-2024_FLUXNET2015_Flux.nc,2019,2024,/perm/pad/fluxnet-shuttle-ecland/soil/shuttle-all775-era5/soil_US-DFC_2018-2024.nc,2018.0,2024.0,43.34479904174805,-89.71170043945312,CRO,105216,True,86730,10.840362348700179
US-DPW,/perm/pad/fluxnet-shuttle-ecland/flux/shuttle-all775-era5/US-DPW_2014-2016_FLUXNET2015_Flux.nc,2014,2016,,,,28.052099227905273,-81.43609619140625,WET,52608,False,145954,15.91256242075466
US-Dk1,/perm/pad/fluxnet-shuttle-ecland/flux/shuttle-all775-era5/US-Dk1_2002-2008_FLUXNET2015_Flux.nc,2002,2008,/perm/pad/fluxnet-shuttle-ecland/soil/shuttle-all775-era5/soil_US-Dk1_2001-2008.nc,2001.0,2008.0,35.97119903564453,-79.0933837890625,MF,122736,True,114460,17.677664103347812
US-Dk2,/perm/pad/fluxnet-shuttle-ecland/flux/shuttle-all775-era5/US-Dk2_2002-2008_FLUXNET2015_Flux.nc,2002,2008,/perm/pad/fluxnet-shuttle-ecland/soil/shuttle-all775-era5/soil_US-Dk2_2001-2008.nc,2001.0,2008.0,35.97357940673828,-79.10043334960938,MF,122736,True,113380,17.883286035877838
US-EA4,/perm/pad/fluxnet-shuttle-ecland/flux/shuttle-all775-era5/US-EA4_2022-2024_FLUXNET2015_Flux.nc,2022,2024,/perm/pad/fluxnet-shuttle-ecland/soil/shuttle-all775-era5/soil_US-EA4_2021-2025.nc,2021.0,2025.0,29.663299560546875,-98.38159942626953,MF,52608,True,138988,5.640263688191951
US-EA5,/perm/pad/fluxnet-shuttle-ecland/flux/shuttle-all775-era5/US-EA5_2022-2022_FLUXNET2015_Flux.nc,2022,2022,/perm/pad/fluxnet-shuttle-ecland/soil/shuttle-all775-era5/soil_US-EA5_2021-2022.nc,2021.0,2022.0,29.358400344848633,-99.95760345458984,CSH,17520,True,140135,4.2360025464126325
US-EA6,/perm/pad/fluxnet-shuttle-ecland/flux/shuttle-all775-era5/US-EA6_2023-2023_FLUXNET2015_Flux.nc,2023,2023,/perm/pad/fluxnet-shuttle-ecland/soil/shuttle-all775-era5/soil_US-EA6_2023-2023.nc,2023.0,2023.0,29.656099319458008,-99.95880126953125,WSA,17520,True,138983,4.065247657075596
US-EDN,/perm/pad/fluxnet-shuttle-ecland/flux/shuttle-all775-era5/US-EDN_2019-2024_FLUXNET2015_Flux.nc,2019,2024,/perm/pad/fluxnet-shuttle-ecland/soil/shuttle-all775-era5/soil_US-EDN_2018-2024.nc,2018.0,2024.0,37.6156005859375,-122.11399841308594,WET,105216,True,107851,14.826376027169955
US-EKH,/perm/pad/fluxnet-shuttle-ecland/flux/shuttle-all775-era5/US-EKH_2023-2024_FLUXNET2015_Flux.nc,2023,2024,/perm/pad/fluxnet-shuttle-ecland/soil/shuttle-all775-era5/soil_US-EKH_2022-2024.nc,2022.0,2024.0,36.80939865112305,-121.7522964477539,WET,35088,True,111092,16.833053924050233
US-EKP,/perm/pad/fluxnet-shuttle-ecland/flux/shuttle-all775-era5/US-EKP_2023-2024_FLUXNET2015_Flux.nc,2023,2024,/perm/pad/fluxnet-shuttle-ecland/soil/shuttle-all775-era5/soil_US-EKP_2022-2024.nc,2022.0,2024.0,36.85580062866211,-121.7488021850586,WET,35088,True,110012,13.274456370423914
US-EML,/perm/pad/fluxnet-shuttle-ecland/flux/shuttle-all775-era5/US-EML_2009-2022_FLUXNET2015_Flux.nc,2009,2022,/perm/pad/fluxnet-shuttle-ecland/soil/shuttle-all775-era5/soil_US-EML_2008-2023.nc,2008.0,2023.0,63.87839889526367,-149.25360107421875,OSH,245424,True,28519,9.488375174767372
US-Esm,/perm/pad/fluxnet-shuttle-ecland/flux/shuttle-all775-era5/US-Esm_2008-2023_FLUXNET2015_Flux.nc,2008,2023,/perm/pad/fluxnet-shuttle-ecland/soil/shuttle-all775-era5/soil_US-Esm_2008-2024.nc,2008.0,2024.0,25.43790054321289,-80.59459686279297,WET,280512,True,156746,10.596873072849638
US-EvM,/perm/pad/fluxnet-shuttle-ecland/flux/shuttle-all775-era5/US-EvM_2021-2022_FLUXNET2015_Flux.nc,2021,2022,/perm/pad/fluxnet-shuttle-ecland/soil/shuttle-all775-era5/soil_US-EvM_2020-2023.nc,2020.0,2023.0,25.353900909423828,-80.38099670410156,WET,35040,True,156747,9.027022817853267
US-Fcr,/perm/pad/fluxnet-shuttle-ecland/flux/shuttle-all775-era5/US-Fcr_2011-2014_FLUXNET2015_Flux.nc,2011,2014,/perm/pad/fluxnet-shuttle-ecland/soil/shuttle-all775-era5/soil_US-Fcr_2011-2014.nc,2011.0,2014.0,65.39679718017578,-148.93479919433594,OSH,70128,True,25626,10.67162264112757
US-Fmf,/perm/pad/fluxnet-shuttle-ecland/flux/shuttle-all775-era5/US-Fmf_2006-2010_FLUXNET2015_Flux.nc,2006,2010,/perm/pad/fluxnet-shuttle-ecland/soil/shuttle-all775-era5/soil_US-Fmf_2005-2010.nc,2005.0,2010.0,35.1416015625,-111.72730255126953,WSA,87648,True,116522,15.231579489267178
US-Fo1,/perm/pad/fluxnet-shuttle-ecland/flux/shuttle-all775-era5/US-Fo1_2014-2023_FLUXNET2015_Flux.nc,2014,2023,/perm/pad/fluxnet-shuttle-ecland/soil/shuttle-all775-era5/soil_US-Fo1_2013-2024.nc,2013.0,2024.0,70.08499908447266,-148.5670928955078,WET,175296,True,16884,4.375765174178043
US-Fuf,/perm/pad/fluxnet-shuttle-ecland/flux/shuttle-all775-era5/US-Fuf_2006-2010_FLUXNET2015_Flux.nc,2006,2010,/perm/pad/fluxnet-shuttle-ecland/soil/shuttle-all775-era5/soil_US-Fuf_2005-2010.nc,2005.0,2010.0,35.0890007019043,-111.76200103759766,ENF,87648,True,117602,14.169319418061578
US-Fwf,/perm/pad/fluxnet-shuttle-ecland/flux/shuttle-all775-era5/US-Fwf_2006-2010_FLUXNET2015_Flux.nc,2006,2010,/perm/pad/fluxnet-shuttle-ecland/soil/shuttle-all775-era5/soil_US-Fwf_2005-2010.nc,2005.0,2010.0,35.44540023803711,-111.77179718017578,CSH,87648,True,115442,15.057722138399122
US-GLE,/perm/pad/fluxnet-shuttle-ecland/flux/shuttle-all775-era5/US-GLE_2006-2019_FLUXNET2015_Flux.nc,2006,2019,/perm/pad/fluxnet-shuttle-ecland/soil/shuttle-all775-era5/soil_US-GLE_2005-2020.nc,2005.0,2020.0,41.36650085449219,-106.23989868164062,ENF,245424,True,93538,10.0699407508751
US-HB1,/perm/pad/fluxnet-shuttle-ecland/flux/shuttle-all775-era5/US-HB1_2018-2024_FLUXNET2015_Flux.nc,2018,2024,/perm/pad/fluxnet-shuttle-ecland/soil/shuttle-all775-era5/soil_US-HB1_2018-2024.nc,2018.0,2024.0,33.34550094604492,-79.1957015991211,WET,122736,True,124349,16.010119208097773
US-HBK,/perm/pad/fluxnet-shuttle-ecland/flux/shuttle-all775-era5/US-HBK_2017-2023_FLUXNET2015_Flux.nc,2017,2023,/perm/pad/fluxnet-shuttle-ecland/soil/shuttle-all775-era5/soil_US-HBK_2016-2024.nc,2016.0,2024.0,43.939701080322266,-71.71810150146484,DBF,122688,True,84858,8.767704688494753
US-HRC,/perm/pad/fluxnet-shuttle-ecland/flux/shuttle-all775-era5/US-HRC_2016-2023_FLUXNET2015_Flux.nc,2016,2023,/perm/pad/fluxnet-shuttle-ecland/soil/shuttle-all775-era5/soil_US-HRC_2015-2024.nc,2015.0,2024.0,34.58879852294922,-91.75170135498047,CRO,140256,True,118742,15.296435033962016
US-HVs,/perm/pad/fluxnet-shuttle-ecland/flux/shuttle-all775-era5/US-HVs_1995-1995_FLUXNET2015_Flux.nc,1995,1995,/perm/pad/fluxnet-shuttle-ecland/soil/shuttle-all775-era5/soil_US-HVs_1995-1995.nc,1995.0,1995.0,69.16719818115234,-148.85690307617188,WET,17520,True,18324,18.4161029311926
US-HWB,/perm/pad/fluxnet-shuttle-ecland/flux/shuttle-all775-era5/US-HWB_2016-2017_FLUXNET2015_Flux.nc,2016,2017,/perm/pad/fluxnet-shuttle-ecland/soil/shuttle-all775-era5/soil_US-HWB_2015-2018.nc,2015.0,2018.0,40.860801696777344,-77.84880065917969,CVM,35088,True,95617,8.137806068068151
US-Ha1,/perm/pad/fluxnet-shuttle-ecland/flux/shuttle-all775-era5/US-Ha1_1994-2024_FLUXNET2015_Flux.nc,1994,2024,/perm/pad/fluxnet-shuttle-ecland/soil/shuttle-all775-era5/soil_US-Ha1_1991-2025.nc,1991.0,2025.0,42.53779983520508,-72.17150115966797,DBF,271752,True,89666,5.949188041135222
US-Hn2,/perm/pad/fluxnet-shuttle-ecland/flux/shuttle-all775-era5/US-Hn2_2016-2018_FLUXNET2015_Flux.nc,2016,2018,/perm/pad/fluxnet-shuttle-ecland/soil/shuttle-all775-era5/soil_US-Hn2_2015-2018.nc,2015.0,2018.0,46.688899993896484,-119.46410369873047,GRA,52608,True,75150,15.411811474338528
US-Ho2,/perm/pad/fluxnet-shuttle-ecland/flux/shuttle-all775-era5/US-Ho2_1999-2024_FLUXNET2015_Flux.nc,1999,2024,/perm/pad/fluxnet-shuttle-ecland/soil/shuttle-all775-era5/soil_US-Ho2_1999-2025.nc,1999.0,2025.0,45.20912170410156,-68.74700164794922,MF,455856,True,81026,14.986992177962483
US-Hsm,/perm/pad/fluxnet-shuttle-ecland/flux/shuttle-all775-era5/US-Hsm_2022-2025_FLUXNET2015_Flux.nc,2022,2025,/perm/pad/fluxnet-shuttle-ecland/soil/shuttle-all775-era5/soil_US-Hsm_2021-2025.nc,2021.0,2025.0,38.23680114746094,-122.02120208740234,WET,70128,True,104630,14.001302874919618
US-IAC,/perm/pad/fluxnet-shuttle-ecland/flux/shuttle-all775-era5/US-IAC_2020-2023_FLUXNET2015_Flux.nc,2020,2023,/perm/pad/fluxnet-shuttle-ecland/soil/shuttle-all775-era5/soil_US-IAC_2019-2024.nc,2019.0,2024.0,41.9984016418457,-93.70159912109375,CRO,70128,True,91573,8.572828687248988
US-ICh,/perm/pad/fluxnet-shuttle-ecland/flux/shuttle-all775-era5/US-ICh_2008-2025_FLUXNET2015_Flux.nc,2008,2025,/perm/pad/fluxnet-shuttle-ecland/soil/shuttle-all775-era5/soil_US-ICh_2007-2025.nc,2007.0,2025.0,68.60700225830078,-149.29600524902344,OSH,315600,True,19286,17.8409653764378
US-Jo1,/perm/pad/fluxnet-shuttle-ecland/flux/shuttle-all775-era5/US-Jo1_2010-2021_FLUXNET2015_Flux.nc,2010,2021,/perm/pad/fluxnet-shuttle-ecland/soil/shuttle-all775-era5/soil_US-Jo1_2010-2022.nc,2010.0,2022.0,32.582000732421875,-106.63500213623047,OSH,210384,True,127639,15.378460407593595
US-KFS,/perm/pad/fluxnet-shuttle-ecland/flux/shuttle-all775-era5/US-KFS_2008-2019_FLUXNET2015_Flux.nc,2008,2019,/perm/pad/fluxnet-shuttle-ecland/soil/shuttle-all775-era5/soil_US-KFS_2007-2019.nc,2007.0,2019.0,39.05609893798828,-95.1906967163086,?,210384,True,102658,16.466815716269533
US-KLS,/perm/pad/fluxnet-shuttle-ecland/flux/shuttle-all775-era5/US-KLS_2013-2019_FLUXNET2015_Flux.nc,2013,2019,/perm/pad/fluxnet-shuttle-ecland/soil/shuttle-all775-era5/soil_US-KLS_2012-2019.nc,2012.0,2019.0,38.77450180053711,-97.56839752197266,GRA,122688,True,103675,20.6292507801491
US-KPL,/perm/pad/fluxnet-shuttle-ecland/flux/shuttle-all775-era5/US-KPL_2022-2024_FLUXNET2015_Flux.nc,2022,2024,/perm/pad/fluxnet-shuttle-ecland/soil/shuttle-all775-era5/soil_US-KPL_2021-2024.nc,2021.0,2024.0,60.53820037841797,-150.506103515625,WET,52608,True,36073,3.785537007235692
US-KS2,/perm/pad/fluxnet-shuttle-ecland/flux/shuttle-all775-era5/US-KS2_2003-2006_FLUXNET2015_Flux.nc,2003,2006,,,,28.608577728271484,-80.6715316772461,CSH,70128,False,143652,27.602267165731405
US-KS3,/perm/pad/fluxnet-shuttle-ecland/flux/shuttle-all775-era5/US-KS3_2018-2018_FLUXNET2015_Flux.nc,2018,2018,,,,28.70840072631836,-80.7426986694336,WET,17520,False,142500,21.850379959759326
US-Kon,/perm/pad/fluxnet-shuttle-ecland/flux/shuttle-all775-era5/US-Kon_2004-2019_FLUXNET2015_Flux.nc,2004,2019,/perm/pad/fluxnet-shuttle-ecland/soil/shuttle-all775-era5/soil_US-Kon_2004-2019.nc,2004.0,2019.0,39.08238983154297,-96.5602798461914,GRA,280512,True,101630,16.973382850890143
US-LA2,/perm/pad/fluxnet-shuttle-ecland/flux/shuttle-all775-era5/US-LA2_2022-2022_FLUXNET2015_Flux.nc,2022,2022,/perm/pad/fluxnet-shuttle-ecland/soil/shuttle-all775-era5/soil_US-LA2_2011-2023.nc,2011.0,2023.0,29.858699798583984,-90.28690338134766,WET,17520,True,137862,8.274918569499038
US-LA3,/perm/pad/fluxnet-shuttle-ecland/flux/shuttle-all775-era5/US-LA3_2020-2023_FLUXNET2015_Flux.nc,2020,2023,/perm/pad/fluxnet-shuttle-ecland/soil/shuttle-all775-era5/soil_US-LA3_2019-2023.nc,2019.0,2023.0,29.493600845336914,-89.91529846191406,WET,70128,True,139015,19.09299075845673
US-Lin,/perm/pad/fluxnet-shuttle-ecland/flux/shuttle-all775-era5/US-Lin_2009-2010_FLUXNET2015_Flux.nc,2009,2010,/perm/pad/fluxnet-shuttle-ecland/soil/shuttle-all775-era5/soil_US-Lin_2009-2010.nc,2009.0,2010.0,36.35660171508789,-119.84230041503906,CRO,35040,True,112177,14.700559039638907
US-Los,/perm/pad/fluxnet-shuttle-ecland/flux/shuttle-all775-era5/US-Los_2001-2024_FLUXNET2015_Flux.nc,2001,2024,/perm/pad/fluxnet-shuttle-ecland/soil/shuttle-all775-era5/soil_US-Los_2000-2025.nc,2000.0,2025.0,46.082698822021484,-89.97920227050781,WET,420768,True,78089,15.012858271948135
US-MBP,/perm/pad/fluxnet-shuttle-ecland/flux/shuttle-all775-era5/US-MBP_2009-2024_FLUXNET2015_Flux.nc,2009,2024,/perm/pad/fluxnet-shuttle-ecland/soil/shuttle-all775-era5/soil_US-MBP_2009-2024.nc,2009.0,2024.0,47.50510025024414,-93.48930358886719,WET,280512,True,72515,16.626835583894135
US-MEF,/perm/pad/fluxnet-shuttle-ecland/flux/shuttle-all775-era5/US-MEF_2024-2025_FLUXNET2015_Flux.nc,2024,2025,/perm/pad/fluxnet-shuttle-ecland/soil/shuttle-all775-era5/soil_US-MEF_2024-2025.nc,2024.0,2025.0,39.10060119628906,-105.10240173339844,ENF,35088,True,101606,11.538370316823965
US-MMS,/perm/pad/fluxnet-shuttle-ecland/flux/shuttle-all775-era5/US-MMS_1999-2023_FLUXNET2015_Flux.nc,1999,2023,/perm/pad/fluxnet-shuttle-ecland/soil/shuttle-all775-era5/soil_US-MMS_1999-2023.nc,1999.0,2023.0,39.32320022583008,-86.41310119628906,DBF,219144,True,101659,14.632868821963209
US-MN1,/perm/pad/fluxnet-shuttle-ecland/flux/shuttle-all775-era5/US-MN1_2018-2024_FLUXNET2015_Flux.nc,2018,2024,/perm/pad/fluxnet-shuttle-ecland/soil/shuttle-all775-era5/soil_US-MN1_2017-2024.nc,2017.0,2024.0,45.616798400878906,-96.12689971923828,CRO,122736,True,79033,11.358663902805318
US-MOz,/perm/pad/fluxnet-shuttle-ecland/flux/shuttle-all775-era5/US-MOz_2005-2021_FLUXNET2015_Flux.nc,2005,2021,/perm/pad/fluxnet-shuttle-ecland/soil/shuttle-all775-era5/soil_US-MOz_2004-2021.nc,2004.0,2021.0,38.744110107421875,-92.20001220703125,DBF,298032,True,103691,13.842806586134156
US-MZA,/perm/pad/fluxnet-shuttle-ecland/flux/shuttle-all775-era5/US-MZA_2024-2025_FLUXNET2015_Flux.nc,2024,2025,,,,43.04410171508789,-76.78970336914062,WET,35088,False,87724,12.544025995799794
US-Me1,/perm/pad/fluxnet-shuttle-ecland/flux/shuttle-all775-era5/US-Me1_2004-2005_FLUXNET2015_Flux.nc,2004,2005,/perm/pad/fluxnet-shuttle-ecland/soil/shuttle-all775-era5/soil_US-Me1_2004-2005.nc,2004.0,2005.0,44.57939910888672,-121.5,ENF,35088,True,82805,4.013109832507446
US-Me6,/perm/pad/fluxnet-shuttle-ecland/flux/shuttle-all775-era5/US-Me6_2011-2025_FLUXNET2015_Flux.nc,2011,2025,/perm/pad/fluxnet-shuttle-ecland/soil/shuttle-all775-era5/soil_US-Me6_2010-2025.nc,2010.0,2025.0,44.323299407958984,-121.60780334472656,ENF,262992,True,83765,10.938898757986697
US-Mo1,/perm/pad/fluxnet-shuttle-ecland/flux/shuttle-all775-era5/US-Mo1_2016-2024_FLUXNET2015_Flux.nc,2016,2024,/perm/pad/fluxnet-shuttle-ecland/soil/shuttle-all775-era5/soil_US-Mo1_2015-2024.nc,2015.0,2024.0,39.229801177978516,-92.11669921875,CRO,157824,True,101643,2.9665478646152623
US-Mo2,/perm/pad/fluxnet-shuttle-ecland/flux/shuttle-all775-era5/US-Mo2_2018-2024_FLUXNET2015_Flux.nc,2018,2024,/perm/pad/fluxnet-shuttle-ecland/soil/shuttle-all775-era5/soil_US-Mo2_2018-2024.nc,2018.0,2024.0,38.94879913330078,-91.99449920654297,GRA,122736,True,102667,10.351031896232715
US-Mpj,/perm/pad/fluxnet-shuttle-ecland/flux/shuttle-all775-era5/US-Mpj_2008-2025_FLUXNET2015_Flux.nc,2008,2025,,,,34.43844985961914,-106.2376937866211,CSH,315600,False,119778,8.87622021027125
US-MtB,/perm/pad/fluxnet-shuttle-ecland/flux/shuttle-all775-era5/US-MtB_2010-2024_FLUXNET2015_Flux.nc,2010,2024,/perm/pad/fluxnet-shuttle-ecland/soil/shuttle-all775-era5/soil_US-MtB_2009-2024.nc,2009.0,2024.0,32.41667175292969,-110.72550964355469,WSA,262992,True,127626,4.735586493560037
US-Myb,/perm/pad/fluxnet-shuttle-ecland/flux/shuttle-all775-era5/US-Myb_2011-2024_FLUXNET2015_Flux.nc,2011,2024,/perm/pad/fluxnet-shuttle-ecland/soil/shuttle-all775-era5/soil_US-Myb_2010-2025.nc,2010.0,2025.0,38.049800872802734,-121.76509857177734,WET,245472,True,105692,9.23282930529168
US-NC2,/perm/pad/fluxnet-shuttle-ecland/flux/shuttle-all775-era5/US-NC2_2005-2025_FLUXNET2015_Flux.nc,2005,2025,/perm/pad/fluxnet-shuttle-ecland/soil/shuttle-all775-era5/soil_US-NC2_2005-2025.nc,2005.0,2025.0,35.8031005859375,-76.66790771484375,ENF,368160,True,114467,3.1453095858315856
US-NC4,/perm/pad/fluxnet-shuttle-ecland/flux/shuttle-all775-era5/US-NC4_2010-2025_FLUXNET2015_Flux.nc,2010,2025,/perm/pad/fluxnet-shuttle-ecland/soil/shuttle-all775-era5/soil_US-NC4_2009-2025.nc,2009.0,2025.0,35.787899017333984,-75.90380096435547,WET,280512,True,114469,9.93055246621243
US-NC5,/perm/pad/fluxnet-shuttle-ecland/flux/shuttle-all775-era5/US-NC5_2025-2025_FLUXNET2015_Flux.nc,2025,2025,/perm/pad/fluxnet-shuttle-ecland/soil/shuttle-all775-era5/soil_US-NC5_2025-2025.nc,2025.0,2025.0,36.15650177001953,-78.78780364990234,ENF,17520,True,113381,11.932934215272399
US-NGC,/perm/pad/fluxnet-shuttle-ecland/flux/shuttle-all775-era5/US-NGC_2018-2022_FLUXNET2015_Flux.nc,2018,2022,/perm/pad/fluxnet-shuttle-ecland/soil/shuttle-all775-era5/soil_US-NGC_2017-2023.nc,2017.0,2023.0,64.86180114746094,-163.7001953125,GRA,87648,True,26754,9.667566724707918
US-NR3,/perm/pad/fluxnet-shuttle-ecland/flux/shuttle-all775-era5/US-NR3_2008-2023_FLUXNET2015_Flux.nc,2008,2023,/perm/pad/fluxnet-shuttle-ecland/soil/shuttle-all775-era5/soil_US-NR3_2007-2024.nc,2007.0,2024.0,40.051998138427734,-105.5864028930664,GRA,280512,True,98540,9.075120857416666
US-NSa,/perm/pad/fluxnet-shuttle-ecland/flux/shuttle-all775-era5/US-NSa_2024-2024_FLUXNET2015_Flux.nc,2024,2024,/perm/pad/fluxnet-shuttle-ecland/soil/shuttle-all775-era5/soil_US-NSa_2023-2025.nc,2023.0,2025.0,36.602901458740234,-119.506103515625,CRO,17568,True,111098,16.387551351155793
US-Ne1,/perm/pad/fluxnet-shuttle-ecland/flux/shuttle-all775-era5/US-Ne1_2002-2024_FLUXNET2015_Flux.nc,2002,2024,/perm/pad/fluxnet-shuttle-ecland/soil/shuttle-all775-era5/soil_US-Ne1_2001-2024.nc,2001.0,2024.0,41.16510009765625,-96.47660064697266,CRO,201624,True,94565,0.7094749440295732
US-ONA,/perm/pad/fluxnet-shuttle-ecland/flux/shuttle-all775-era5/US-ONA_2017-2022_FLUXNET2015_Flux.nc,2017,2022,/perm/pad/fluxnet-shuttle-ecland/soil/shuttle-all775-era5/soil_US-ONA_2016-2022.nc,2016.0,2022.0,27.38360023498535,-81.95089721679688,GRA,105168,True,148342,5.363260650355529
US-OPE,/perm/pad/fluxnet-shuttle-ecland/flux/shuttle-all775-era5/US-OPE_2022-2022_FLUXNET2015_Flux.nc,2022,2022,/perm/pad/fluxnet-shuttle-ecland/soil/shuttle-all775-era5/soil_US-OPE_2022-2022.nc,2022.0,2022.0,39.029300689697266,-76.845703125,CRO,17520,True,102710,17.34478003807817
US-OWC,/perm/pad/fluxnet-shuttle-ecland/flux/shuttle-all775-era5/US-OWC_2016-2024_FLUXNET2015_Flux.nc,2016,2024,/perm/pad/fluxnet-shuttle-ecland/soil/shuttle-all775-era5/soil_US-OWC_2015-2025.nc,2015.0,2025.0,41.37950134277344,-82.51249694824219,WET,157824,True,94604,23.968733963808916
US-Oho,/perm/pad/fluxnet-shuttle-ecland/flux/shuttle-all775-era5/US-Oho_2004-2012_FLUXNET2015_Flux.nc,2004,2012,/perm/pad/fluxnet-shuttle-ecland/soil/shuttle-all775-era5/soil_US-Oho_2004-2013.nc,2004.0,2013.0,41.554500579833984,-83.84380340576172,DBF,157824,True,93600,11.792068431975942
US-PFi,/perm/pad/fluxnet-shuttle-ecland/flux/shuttle-all775-era5/US-PFi_2019-2019_FLUXNET2015_Flux.nc,2019,2019,/perm/pad/fluxnet-shuttle-ecland/soil/shuttle-all775-era5/soil_US-PFi_2019-2019.nc,2019.0,2019.0,45.97489929199219,-90.23269653320312,DBF,17520,True,78088,11.3856005067034
US-PLo,/perm/pad/fluxnet-shuttle-ecland/flux/shuttle-all775-era5/US-PLo_2023-2023_FLUXNET2015_Flux.nc,2023,2023,/perm/pad/fluxnet-shuttle-ecland/soil/shuttle-all775-era5/soil_US-PLo_2022-2023.nc,2022.0,2023.0,42.74959945678711,-70.91570281982422,WET,17520,True,88700,12.409030952533643
US-PSH,/perm/pad/fluxnet-shuttle-ecland/flux/shuttle-all775-era5/US-PSH_2016-2016_FLUXNET2015_Flux.nc,2016,2016,/perm/pad/fluxnet-shuttle-ecland/soil/shuttle-all775-era5/soil_US-PSH_2016-2016.nc,2016.0,2016.0,36.23469924926758,-119.92469787597656,DBF,17568,True,113257,15.186239037539751
US-PSL,/perm/pad/fluxnet-shuttle-ecland/flux/shuttle-all775-era5/US-PSL_2016-2016_FLUXNET2015_Flux.nc,2016,2016,/perm/pad/fluxnet-shuttle-ecland/soil/shuttle-all775-era5/soil_US-PSL_2016-2016.nc,2016.0,2016.0,36.827598571777344,-120.13970184326172,DBF,17568,True,110017,18.883454255057085
US-RC1,/perm/pad/fluxnet-shuttle-ecland/flux/shuttle-all775-era5/US-RC1_2012-2015_FLUXNET2015_Flux.nc,2012,2015,,,,46.78369903564453,-117.07769775390625,CRO,70128,False,75156,9.352400885531525
US-RC3,/perm/pad/fluxnet-shuttle-ecland/flux/shuttle-all775-era5/US-RC3_2012-2015_FLUXNET2015_Flux.nc,2012,2015,,,,46.99100112915039,-118.5979995727539,CRO,70128,False,74253,17.535009607299788
US-RC4,/perm/pad/fluxnet-shuttle-ecland/flux/shuttle-all775-era5/US-RC4_2013-2015_FLUXNET2015_Flux.nc,2013,2015,,,,46.757999420166016,-116.9489974975586,CRO,52560,False,75157,11.944307208067748
US-RC5,/perm/pad/fluxnet-shuttle-ecland/flux/shuttle-all775-era5/US-RC5_2014-2014_FLUXNET2015_Flux.nc,2014,2014,,,,47.0099983215332,-119.24800109863281,CRO,17520,False,74251,7.852121471348705
US-RGA,/perm/pad/fluxnet-shuttle-ecland/flux/shuttle-all775-era5/US-RGA_2022-2024_FLUXNET2015_Flux.nc,2022,2024,/perm/pad/fluxnet-shuttle-ecland/soil/shuttle-all775-era5/soil_US-RGA_2021-2024.nc,2021.0,2024.0,34.41590118408203,-91.67330169677734,CRO,52608,True,119822,1.2985739064848048
US-RGB,/perm/pad/fluxnet-shuttle-ecland/flux/shuttle-all775-era5/US-RGB_2022-2023_FLUXNET2015_Flux.nc,2022,2023,/perm/pad/fluxnet-shuttle-ecland/soil/shuttle-all775-era5/soil_US-RGB_2021-2024.nc,2021.0,2024.0,39.57820129394531,-121.85790252685547,CRO,35040,True,100534,15.51061912019819
US-RGF,/perm/pad/fluxnet-shuttle-ecland/flux/shuttle-all775-era5/US-RGF_2024-2024_FLUXNET2015_Flux.nc,2024,2024,/perm/pad/fluxnet-shuttle-ecland/soil/shuttle-all775-era5/soil_US-RGF_2023-2024.nc,2023.0,2024.0,37.699501037597656,-121.13690185546875,CRO,17568,True,106774,16.317482465879486
US-RGW,/perm/pad/fluxnet-shuttle-ecland/flux/shuttle-all775-era5/US-RGW_2023-2024_FLUXNET2015_Flux.nc,2023,2024,/perm/pad/fluxnet-shuttle-ecland/soil/shuttle-all775-era5/soil_US-RGW_2022-2024.nc,2022.0,2024.0,33.62160110473633,-91.43060302734375,CRO,35088,True,123186,9.319415666752839
US-RGo,/perm/pad/fluxnet-shuttle-ecland/flux/shuttle-all775-era5/US-RGo_2022-2024_FLUXNET2015_Flux.nc,2022,2024,/perm/pad/fluxnet-shuttle-ecland/soil/shuttle-all775-era5/soil_US-RGo_2021-2024.nc,2021.0,2024.0,39.68050003051758,-122.00260162353516,CRO,52608,True,99510,9.525923288875369
US-RRC,/perm/pad/fluxnet-shuttle-ecland/flux/shuttle-all775-era5/US-RRC_2023-2023_FLUXNET2015_Flux.nc,2023,2023,/perm/pad/fluxnet-shuttle-ecland/soil/shuttle-all775-era5/soil_US-RRC_2022-2024.nc,2022.0,2024.0,37.33440017700195,-77.20649719238281,WET,17520,True,109065,15.632313899695971
US-Ro1,/perm/pad/fluxnet-shuttle-ecland/flux/shuttle-all775-era5/US-Ro1_2004-2016_FLUXNET2015_Flux.nc,2004,2016,/perm/pad/fluxnet-shuttle-ecland/soil/shuttle-all775-era5/soil_US-Ro1_2004-2016.nc,2004.0,2016.0,44.71430969238281,-93.08984375,CRO,227952,True,81921,14.141794619805449
US-Ro4,/perm/pad/fluxnet-shuttle-ecland/flux/shuttle-all775-era5/US-Ro4_2014-2025_FLUXNET2015_Flux.nc,2014,2025,/perm/pad/fluxnet-shuttle-ecland/soil/shuttle-all775-era5/soil_US-Ro4_2014-2025.nc,2014.0,2025.0,44.40409851074219,-93.42009735107422,GRA,210384,True,82880,15.887627418626876
US-Rpf,/perm/pad/fluxnet-shuttle-ecland/flux/shuttle-all775-era5/US-Rpf_2009-2024_FLUXNET2015_Flux.nc,2009,2024,/perm/pad/fluxnet-shuttle-ecland/soil/shuttle-all775-era5/soil_US-Rpf_2008-2024.nc,2008.0,2024.0,65.11979675292969,-147.4290008544922,DBF,280512,True,26204,7.582758949262532
US-Rws,/perm/pad/fluxnet-shuttle-ecland/flux/shuttle-all775-era5/US-Rws_2015-2022_FLUXNET2015_Flux.nc,2015,2022,/perm/pad/fluxnet-shuttle-ecland/soil/shuttle-all775-era5/soil_US-Rws_2014-2023.nc,2014.0,2023.0,43.16749954223633,-116.71320343017578,OSH,140256,True,87618,7.863889165338746
US-SD2,/perm/pad/fluxnet-shuttle-ecland/flux/shuttle-all775-era5/US-SD2_2024-2024_FLUXNET2015_Flux.nc,2024,2024,/perm/pad/fluxnet-shuttle-ecland/soil/shuttle-all775-era5/soil_US-SD2_2023-2025.nc,2023.0,2025.0,41.17850112915039,-85.9977035522461,CRO,17568,True,94594,3.638429738828456
US-SHC,/perm/pad/fluxnet-shuttle-ecland/flux/shuttle-all775-era5/US-SHC_2018-2019_FLUXNET2015_Flux.nc,2018,2019,/perm/pad/fluxnet-shuttle-ecland/soil/shuttle-all775-era5/soil_US-SHC_2017-2020.nc,2017.0,2020.0,39.43149948120117,-120.23979949951172,ENF,35040,True,100539,5.940929339400618
US-SP1,/perm/pad/fluxnet-shuttle-ecland/flux/shuttle-all775-era5/US-SP1_2001-2020_FLUXNET2015_Flux.nc,2001,2020,/perm/pad/fluxnet-shuttle-ecland/soil/shuttle-all775-era5/soil_US-SP1_2000-2020.nc,2000.0,2020.0,29.738069534301758,-82.2187728881836,ENF,350640,True,139040,10.386206300269693
US-SRM,/perm/pad/fluxnet-shuttle-ecland/flux/shuttle-all775-era5/US-SRM_2004-2025_FLUXNET2015_Flux.nc,2004,2025,/perm/pad/fluxnet-shuttle-ecland/soil/shuttle-all775-era5/soil_US-SRM_2004-2025.nc,2004.0,2025.0,31.821399688720703,-110.86599731445312,WSA,385728,True,129876,16.14574072428323
US-SSH,/perm/pad/fluxnet-shuttle-ecland/flux/shuttle-all775-era5/US-SSH_2016-2020_FLUXNET2015_Flux.nc,2016,2020,/perm/pad/fluxnet-shuttle-ecland/soil/shuttle-all775-era5/soil_US-SSH_2016-2021.nc,2016.0,2021.0,40.66579818725586,-77.90409851074219,DBF,87696,True,96617,13.707373938768129
US-Sag,/perm/pad/fluxnet-shuttle-ecland/flux/shuttle-all775-era5/US-Sag_1996-1996_FLUXNET2015_Flux.nc,1996,1996,/perm/pad/fluxnet-shuttle-ecland/soil/shuttle-all775-era5/soil_US-Sag_1996-1996.nc,1996.0,1996.0,69.51309967041016,-148.56759643554688,WET,17568,True,17844,5.348090680563105
US-Seg,/perm/pad/fluxnet-shuttle-ecland/flux/shuttle-all775-era5/US-Seg_2007-2025_FLUXNET2015_Flux.nc,2007,2025,,,,34.36233139038086,-106.70195007324219,GRA,333120,False,119777,7.806732990751722
US-Slt,/perm/pad/fluxnet-shuttle-ecland/flux/shuttle-all775-era5/US-Slt_2005-2021_FLUXNET2015_Flux.nc,2005,2021,/perm/pad/fluxnet-shuttle-ecland/soil/shuttle-all775-era5/soil_US-Slt_2005-2022.nc,2005.0,2022.0,39.91374969482422,-74.59597778320312,DBF,298032,True,98626,16.151293869373884
US-Srr,/perm/pad/fluxnet-shuttle-ecland/flux/shuttle-all775-era5/US-Srr_2015-2016_FLUXNET2015_Flux.nc,2015,2016,/perm/pad/fluxnet-shuttle-ecland/soil/shuttle-all775-era5/soil_US-Srr_2014-2017.nc,2014.0,2017.0,38.200599670410156,-122.02639770507812,WET,35088,True,105691,13.649902902233505
US-StJ,/perm/pad/fluxnet-shuttle-ecland/flux/shuttle-all775-era5/US-StJ_2016-2020_FLUXNET2015_Flux.nc,2016,2020,/perm/pad/fluxnet-shuttle-ecland/soil/shuttle-all775-era5/soil_US-StJ_2015-2020.nc,2015.0,2020.0,39.088199615478516,-75.43720245361328,WET,87696,True,101690,18.15358294679343
US-Sta,/perm/pad/fluxnet-shuttle-ecland/flux/shuttle-all775-era5/US-Sta_2006-2008_FLUXNET2015_Flux.nc,2006,2008,/perm/pad/fluxnet-shuttle-ecland/soil/shuttle-all775-era5/soil_US-Sta_2005-2009.nc,2005.0,2009.0,41.39659881591797,-106.80239868164062,OSH,52608,True,93536,11.578400667840961
US-Syv,/perm/pad/fluxnet-shuttle-ecland/flux/shuttle-all775-era5/US-Syv_2002-2025_FLUXNET2015_Flux.nc,2002,2025,/perm/pad/fluxnet-shuttle-ecland/soil/shuttle-all775-era5/soil_US-Syv_2001-2025.nc,2001.0,2025.0,46.242000579833984,-89.34770202636719,MF,420768,True,77131,7.6422079851494615
US-UC2,/perm/pad/fluxnet-shuttle-ecland/flux/shuttle-all775-era5/US-UC2_2020-2024_FLUXNET2015_Flux.nc,2020,2024,/perm/pad/fluxnet-shuttle-ecland/soil/shuttle-all775-era5/soil_US-UC2_2019-2024.nc,2019.0,2024.0,40.75590133666992,-77.99980163574219,CVM,87696,True,95616,18.009780118660743
US-UMd,/perm/pad/fluxnet-shuttle-ecland/flux/shuttle-all775-era5/US-UMd_2008-2024_FLUXNET2015_Flux.nc,2008,2024,/perm/pad/fluxnet-shuttle-ecland/soil/shuttle-all775-era5/soil_US-UMd_2007-2025.nc,2007.0,2025.0,45.5625,-84.69750213623047,DBF,298080,True,79063,12.361465261375105
US-UTB,/perm/pad/fluxnet-shuttle-ecland/flux/shuttle-all775-era5/US-UTB_2022-2023_FLUXNET2015_Flux.nc,2022,2023,/perm/pad/fluxnet-shuttle-ecland/soil/shuttle-all775-era5/soil_US-UTB_2021-2023.nc,2021.0,2023.0,40.7848014831543,-113.82990264892578,BSV,35040,True,95517,13.084064950596359
US-UTD,/perm/pad/fluxnet-shuttle-ecland/flux/shuttle-all775-era5/US-UTD_2023-2024_FLUXNET2015_Flux.nc,2023,2024,/perm/pad/fluxnet-shuttle-ecland/soil/shuttle-all775-era5/soil_US-UTD_2023-2024.nc,2023.0,2024.0,38.10380172729492,-109.59519958496094,CRO,35088,True,105728,6.808191355094481
US-UTE,/perm/pad/fluxnet-shuttle-ecland/flux/shuttle-all775-era5/US-UTE_2024-2025_FLUXNET2015_Flux.nc,2024,2025,/perm/pad/fluxnet-shuttle-ecland/soil/shuttle-all775-era5/soil_US-UTE_2024-2025.nc,2024.0,2025.0,37.73529815673828,-111.57080078125,CRO,35088,True,106802,10.978373596258203
US-UTJ,/perm/pad/fluxnet-shuttle-ecland/flux/shuttle-all775-era5/US-UTJ_2024-2025_FLUXNET2015_Flux.nc,2024,2025,/perm/pad/fluxnet-shuttle-ecland/soil/shuttle-all775-era5/soil_US-UTJ_2024-2025.nc,2024.0,2025.0,37.28179931640625,-109.53479766845703,CRO,35088,True,108968,12.710192925749311
US-UTL,/perm/pad/fluxnet-shuttle-ecland/flux/shuttle-all775-era5/US-UTL_2024-2025_FLUXNET2015_Flux.nc,2024,2025,/perm/pad/fluxnet-shuttle-ecland/soil/shuttle-all775-era5/soil_US-UTL_2024-2025.nc,2024.0,2025.0,40.18769836425781,-109.65789794921875,CRO,35088,True,97528,19.704979114290147
US-UTM,/perm/pad/fluxnet-shuttle-ecland/flux/shuttle-all775-era5/US-UTM_2023-2023_FLUXNET2015_Flux.nc,2023,2023,/perm/pad/fluxnet-shuttle-ecland/soil/shuttle-all775-era5/soil_US-UTM_2022-2024.nc,2022.0,2024.0,38.58789825439453,-109.57749938964844,WET,17520,True,103641,11.273565994500654
US-UTP,/perm/pad/fluxnet-shuttle-ecland/flux/shuttle-all775-era5/US-UTP_2024-2024_FLUXNET2015_Flux.nc,2024,2024,/perm/pad/fluxnet-shuttle-ecland/soil/shuttle-all775-era5/soil_US-UTP_2024-2024.nc,2024.0,2024.0,41.06039810180664,-112.10130310058594,WET,17568,True,94522,17.065195229690797
US-UTV,/perm/pad/fluxnet-shuttle-ecland/flux/shuttle-all775-era5/US-UTV_2024-2024_FLUXNET2015_Flux.nc,2024,2024,/perm/pad/fluxnet-shuttle-ecland/soil/shuttle-all775-era5/soil_US-UTV_2023-2025.nc,2023.0,2025.0,40.1265983581543,-109.95459747314453,CRO,17568,True,98528,15.863766516206569
US-UTW,/perm/pad/fluxnet-shuttle-ecland/flux/shuttle-all775-era5/US-UTW_2022-2023_FLUXNET2015_Flux.nc,2022,2023,/perm/pad/fluxnet-shuttle-ecland/soil/shuttle-all775-era5/soil_US-UTW_2021-2024.nc,2021.0,2024.0,39.4453010559082,-110.72879791259766,CRO,35040,True,100566,4.536027649905406
US-Uaf,/perm/pad/fluxnet-shuttle-ecland/flux/shuttle-all775-era5/US-Uaf_2004-2024_FLUXNET2015_Flux.nc,2004,2024,/perm/pad/fluxnet-shuttle-ecland/soil/shuttle-all775-era5/soil_US-Uaf_2003-2025.nc,2003.0,2025.0,64.86630249023438,-147.85549926757812,ENF,368208,True,26779,16.127089226429987
US-UiD,/perm/pad/fluxnet-shuttle-ecland/flux/shuttle-all775-era5/US-UiD_2009-2024_FLUXNET2015_Flux.nc,2009,2024,/perm/pad/fluxnet-shuttle-ecland/soil/shuttle-all775-era5/soil_US-UiD_2008-2024.nc,2008.0,2024.0,40.06460189819336,-88.19850158691406,GRA,280512,True,98588,1.9809510422497705
US-VT1,/perm/pad/fluxnet-shuttle-ecland/flux/shuttle-all775-era5/US-VT1_2024-2024_FLUXNET2015_Flux.nc,2024,2024,/perm/pad/fluxnet-shuttle-ecland/soil/shuttle-all775-era5/soil_US-VT1_2023-2025.nc,2023.0,2025.0,40.40639877319336,-87.52140045166016,CRO,17568,True,97590,9.411757672214106
US-Var,/perm/pad/fluxnet-shuttle-ecland/flux/shuttle-all775-era5/US-Var_2001-2025_FLUXNET2015_Flux.nc,2001,2025,/perm/pad/fluxnet-shuttle-ecland/soil/shuttle-all775-era5/soil_US-Var_2000-2025.nc,2000.0,2025.0,38.413299560546875,-120.95072937011719,GRA,438288,True,104633,5.967715255174131
US-Vcm,/perm/pad/fluxnet-shuttle-ecland/flux/shuttle-all775-era5/US-Vcm_2007-2025_FLUXNET2015_Flux.nc,2007,2025,,,,35.888450622558594,-106.53211212158203,ENF,333120,False,114377,13.686549533964552
US-WCr,/perm/pad/fluxnet-shuttle-ecland/flux/shuttle-all775-era5/US-WCr_2000-2024_FLUXNET2015_Flux.nc,2000,2024,/perm/pad/fluxnet-shuttle-ecland/soil/shuttle-all775-era5/soil_US-WCr_1999-2025.nc,1999.0,2025.0,45.80590057373047,-90.07990264892578,DBF,438336,True,79049,16.59913032307326
US-WPT,/perm/pad/fluxnet-shuttle-ecland/flux/shuttle-all775-era5/US-WPT_2011-2013_FLUXNET2015_Flux.nc,2011,2013,/perm/pad/fluxnet-shuttle-ecland/soil/shuttle-all775-era5/soil_US-WPT_2011-2013.nc,2011.0,2013.0,41.464599609375,-82.99620056152344,WET,52608,True,93602,13.72200235656681
US-WT1,/perm/pad/fluxnet-shuttle-ecland/flux/shuttle-all775-era5/US-WT1_2024-2024_FLUXNET2015_Flux.nc,2024,2024,,,,34.367401123046875,-101.81539916992188,CRO,17568,False,119792,15.132729064276388
US-Wjs,/perm/pad/fluxnet-shuttle-ecland/flux/shuttle-all775-era5/US-Wjs_2008-2024_FLUXNET2015_Flux.nc,2008,2024,,,,34.42549133300781,-105.8615493774414,GRA,298080,False,119779,12.698957614884609
US-Wkg,/perm/pad/fluxnet-shuttle-ecland/flux/shuttle-all775-era5/US-Wkg_2005-2025_FLUXNET2015_Flux.nc,2005,2025,/perm/pad/fluxnet-shuttle-ecland/soil/shuttle-all775-era5/soil_US-Wkg_2004-2025.nc,2004.0,2025.0,31.736499786376953,-109.94190216064453,GRA,368160,True,131003,18.723403163232167
US-YK1,/perm/pad/fluxnet-shuttle-ecland/flux/shuttle-all775-era5/US-YK1_2020-2024_FLUXNET2015_Flux.nc,2020,2024,/perm/pad/fluxnet-shuttle-ecland/soil/shuttle-all775-era5/soil_US-YK1_2019-2025.nc,2019.0,2025.0,61.272300720214844,-163.22279357910156,WET,87696,True,34118,15.66272945437737
US-YK2,/perm/pad/fluxnet-shuttle-ecland/flux/shuttle-all775-era5/US-YK2_2020-2024_FLUXNET2015_Flux.nc,2020,2024,/perm/pad/fluxnet-shuttle-ecland/soil/shuttle-all775-era5/soil_US-YK2_2019-2025.nc,2019.0,2025.0,61.254798889160156,-163.25900268554688,WET,87696,True,34758,16.21123941498017
US-ZF1,/perm/pad/fluxnet-shuttle-ecland/flux/shuttle-all775-era5/US-ZF1_2025-2025_FLUXNET2015_Flux.nc,2025,2025,/perm/pad/fluxnet-shuttle-ecland/soil/shuttle-all775-era5/soil_US-ZF1_2024-2025.nc,2024.0,2025.0,40.79759979248047,-87.5354995727539,CRO,17520,True,95590,11.276713628715513
US-xAB,/perm/pad/fluxnet-shuttle-ecland/flux/shuttle-all775-era5/US-xAB_2021-2023_FLUXNET2015_Flux.nc,2021,2023,/perm/pad/fluxnet-shuttle-ecland/soil/shuttle-all775-era5/soil_US-xAB_2019-2024.nc,2019.0,2024.0,45.76240158081055,-122.3302993774414,ENF,52560,True,78963,12.263370073634409
US-xAE,/perm/pad/fluxnet-shuttle-ecland/flux/shuttle-all775-era5/US-xAE_2019-2024_FLUXNET2015_Flux.nc,2019,2024,/perm/pad/fluxnet-shuttle-ecland/soil/shuttle-all775-era5/soil_US-xAE_2019-2024.nc,2019.0,2024.0,35.41059875488281,-99.05879974365234,GRA,105216,True,115480,16.425230067197294
US-xCL,/perm/pad/fluxnet-shuttle-ecland/flux/shuttle-all775-era5/US-xCL_2020-2024_FLUXNET2015_Flux.nc,2020,2024,/perm/pad/fluxnet-shuttle-ecland/soil/shuttle-all775-era5/soil_US-xCL_2019-2024.nc,2019.0,2024.0,33.40119934082031,-97.56999969482422,GRA,87696,True,124292,11.366604515597302
US-xCP,/perm/pad/fluxnet-shuttle-ecland/flux/shuttle-all775-era5/US-xCP_2019-2024_FLUXNET2015_Flux.nc,2019,2024,/perm/pad/fluxnet-shuttle-ecland/soil/shuttle-all775-era5/soil_US-xCP_2019-2024.nc,2019.0,2024.0,40.81549835205078,-104.74559783935547,GRA,105216,True,95542,8.36290413825782
US-xDC,/perm/pad/fluxnet-shuttle-ecland/flux/shuttle-all775-era5/US-xDC_2019-2024_FLUXNET2015_Flux.nc,2019,2024,/perm/pad/fluxnet-shuttle-ecland/soil/shuttle-all775-era5/soil_US-xDC_2019-2024.nc,2019.0,2024.0,47.16170120239258,-99.10659790039062,GRA,105216,True,74301,12.171837055429938
US-xDJ,/perm/pad/fluxnet-shuttle-ecland/flux/shuttle-all775-era5/US-xDJ_2019-2024_FLUXNET2015_Flux.nc,2019,2024,/perm/pad/fluxnet-shuttle-ecland/soil/shuttle-all775-era5/soil_US-xDJ_2019-2024.nc,2019.0,2024.0,63.881099700927734,-145.75140380859375,ENF,105216,True,28525,6.384504535331504
US-xDL,/perm/pad/fluxnet-shuttle-ecland/flux/shuttle-all775-era5/US-xDL_2020-2024_FLUXNET2015_Flux.nc,2020,2024,/perm/pad/fluxnet-shuttle-ecland/soil/shuttle-all775-era5/soil_US-xDL_2019-2024.nc,2019.0,2024.0,32.54169845581055,-87.80390167236328,MF,87696,True,127698,14.817665689607804
US-xDS,/perm/pad/fluxnet-shuttle-ecland/flux/shuttle-all775-era5/US-xDS_2020-2024_FLUXNET2015_Flux.nc,2020,2024,/perm/pad/fluxnet-shuttle-ecland/soil/shuttle-all775-era5/soil_US-xDS_2019-2024.nc,2019.0,2024.0,28.125,-81.43620300292969,CVM,87696,True,144802,18.083057883496554
US-xGR,/perm/pad/fluxnet-shuttle-ecland/flux/shuttle-all775-era5/US-xGR_2020-2024_FLUXNET2015_Flux.nc,2020,2024,/perm/pad/fluxnet-shuttle-ecland/soil/shuttle-all775-era5/soil_US-xGR_2019-2024.nc,2019.0,2024.0,35.68899917602539,-83.50189971923828,DBF,87696,True,115526,21.43680681249146
US-xJE,/perm/pad/fluxnet-shuttle-ecland/flux/shuttle-all775-era5/US-xJE_2020-2024_FLUXNET2015_Flux.nc,2020,2024,/perm/pad/fluxnet-shuttle-ecland/soil/shuttle-all775-era5/soil_US-xJE_2019-2024.nc,2019.0,2024.0,31.194799423217773,-84.46859741210938,ENF,87696,True,132208,15.614350100746973
US-xJR,/perm/pad/fluxnet-shuttle-ecland/flux/shuttle-all775-era5/US-xJR_2019-2023_FLUXNET2015_Flux.nc,2019,2023,/perm/pad/fluxnet-shuttle-ecland/soil/shuttle-all775-era5/soil_US-xJR_2019-2024.nc,2019.0,2024.0,32.5906982421875,-106.84249877929688,OSH,87648,True,127638,15.059760559005653
US-xLE,/perm/pad/fluxnet-shuttle-ecland/flux/shuttle-all775-era5/US-xLE_2020-2023_FLUXNET2015_Flux.nc,2020,2023,/perm/pad/fluxnet-shuttle-ecland/soil/shuttle-all775-era5/soil_US-xLE_2019-2024.nc,2019.0,2024.0,31.853900909423828,-88.16120147705078,DBF,70128,True,129946,15.740138354398766
US-xMB,/perm/pad/fluxnet-shuttle-ecland/flux/shuttle-all775-era5/US-xMB_2020-2024_FLUXNET2015_Flux.nc,2020,2024,/perm/pad/fluxnet-shuttle-ecland/soil/shuttle-all775-era5/soil_US-xMB_2019-2024.nc,2019.0,2024.0,38.24829864501953,-109.38829803466797,OSH,87696,True,104666,13.301301278643587
US-xML,/perm/pad/fluxnet-shuttle-ecland/flux/shuttle-all775-era5/US-xML_2020-2024_FLUXNET2015_Flux.nc,2020,2024,/perm/pad/fluxnet-shuttle-ecland/soil/shuttle-all775-era5/soil_US-xML_2019-2024.nc,2019.0,2024.0,37.378299713134766,-80.5248031616211,DBF,87696,True,107975,19.91463298037456
US-xNG,/perm/pad/fluxnet-shuttle-ecland/flux/shuttle-all775-era5/US-xNG_2019-2024_FLUXNET2015_Flux.nc,2019,2024,/perm/pad/fluxnet-shuttle-ecland/soil/shuttle-all775-era5/soil_US-xNG_2019-2024.nc,2019.0,2024.0,46.76969909667969,-100.91539764404297,GRA,105216,True,75197,9.116767743170671
US-xNQ,/perm/pad/fluxnet-shuttle-ecland/flux/shuttle-all775-era5/US-xNQ_2020-2024_FLUXNET2015_Flux.nc,2020,2024,/perm/pad/fluxnet-shuttle-ecland/soil/shuttle-all775-era5/soil_US-xNQ_2019-2024.nc,2019.0,2024.0,40.1776008605957,-112.45240020751953,OSH,87696,True,98521,18.391162517582973
US-xPU,/perm/pad/fluxnet-shuttle-ecland/flux/shuttle-all775-era5/US-xPU_2020-2024_FLUXNET2015_Flux.nc,2020,2024,,,,19.5531005859375,-155.3173065185547,EBF,87696,False,182168,7.446849375684361
US-xRM,/perm/pad/fluxnet-shuttle-ecland/flux/shuttle-all775-era5/US-xRM_2019-2024_FLUXNET2015_Flux.nc,2019,2024,/perm/pad/fluxnet-shuttle-ecland/soil/shuttle-all775-era5/soil_US-xRM_2019-2024.nc,2019.0,2024.0,40.275901794433594,-105.5458984375,ENF,105216,True,97540,8.03749818019148
US-xSB,/perm/pad/fluxnet-shuttle-ecland/flux/shuttle-all775-era5/US-xSB_2020-2024_FLUXNET2015_Flux.nc,2020,2024,/perm/pad/fluxnet-shuttle-ecland/soil/shuttle-all775-era5/soil_US-xSB_2019-2024.nc,2019.0,2024.0,29.689300537109375,-81.99340057373047,ENF,87696,True,139041,12.298059071660322
US-xSC,/perm/pad/fluxnet-shuttle-ecland/flux/shuttle-all775-era5/US-xSC_2019-2024_FLUXNET2015_Flux.nc,2019,2024,/perm/pad/fluxnet-shuttle-ecland/soil/shuttle-all775-era5/soil_US-xSC_2019-2024.nc,2019.0,2024.0,38.89289855957031,-78.1395034790039,DBF,105216,True,102707,8.673018019291963
US-xSE,/perm/pad/fluxnet-shuttle-ecland/flux/shuttle-all775-era5/US-xSE_2020-2024_FLUXNET2015_Flux.nc,2020,2024,/perm/pad/fluxnet-shuttle-ecland/soil/shuttle-all775-era5/soil_US-xSE_2019-2024.nc,2019.0,2024.0,38.890098571777344,-76.55999755859375,DBF,87696,True,102711,7.862344933416828
US-xSJ,/perm/pad/fluxnet-shuttle-ecland/flux/shuttle-all775-era5/US-xSJ_2020-2024_FLUXNET2015_Flux.nc,2020,2024,/perm/pad/fluxnet-shuttle-ecland/soil/shuttle-all775-era5/soil_US-xSJ_2019-2024.nc,2019.0,2024.0,37.10879898071289,-119.7322998046875,SAV,87696,True,108938,15.346462836165177
US-xSL,/perm/pad/fluxnet-shuttle-ecland/flux/shuttle-all775-era5/US-xSL_2020-2024_FLUXNET2015_Flux.nc,2020,2024,/perm/pad/fluxnet-shuttle-ecland/soil/shuttle-all775-era5/soil_US-xSL_2019-2024.nc,2019.0,2024.0,40.46189880371094,-103.029296875,CRO,87696,True,97547,16.01875832196722
US-xSP,/perm/pad/fluxnet-shuttle-ecland/flux/shuttle-all775-era5/US-xSP_2020-2024_FLUXNET2015_Flux.nc,2020,2024,/perm/pad/fluxnet-shuttle-ecland/soil/shuttle-all775-era5/soil_US-xSP_2019-2024.nc,2019.0,2024.0,37.03340148925781,-119.26219940185547,ENF,87696,True,110019,10.722095421816423
US-xST,/perm/pad/fluxnet-shuttle-ecland/flux/shuttle-all775-era5/US-xST_2019-2024_FLUXNET2015_Flux.nc,2019,2024,/perm/pad/fluxnet-shuttle-ecland/soil/shuttle-all775-era5/soil_US-xST_2019-2024.nc,2019.0,2024.0,45.5088996887207,-89.5864028930664,DBF,105216,True,80010,13.95024724272746
US-xTA,/perm/pad/fluxnet-shuttle-ecland/flux/shuttle-all775-era5/US-xTA_2020-2024_FLUXNET2015_Flux.nc,2020,2024,/perm/pad/fluxnet-shuttle-ecland/soil/shuttle-all775-era5/soil_US-xTA_2019-2024.nc,2019.0,2024.0,32.95050048828125,-87.39330291748047,ENF,87696,True,125449,8.438975913704384
US-xTE,/perm/pad/fluxnet-shuttle-ecland/flux/shuttle-all775-era5/US-xTE_2020-2024_FLUXNET2015_Flux.nc,2020,2024,/perm/pad/fluxnet-shuttle-ecland/soil/shuttle-all775-era5/soil_US-xTE_2019-2024.nc,2019.0,2024.0,37.00579833984375,-119.00599670410156,ENF,87696,True,110020,5.619293556846595
US-xUN,/perm/pad/fluxnet-shuttle-ecland/flux/shuttle-all775-era5/US-xUN_2019-2024_FLUXNET2015_Flux.nc,2019,2024,/perm/pad/fluxnet-shuttle-ecland/soil/shuttle-all775-era5/soil_US-xUN_2019-2024.nc,2019.0,2024.0,46.2338981628418,-89.53730010986328,MF,105216,True,77130,6.763520335306672
US-xWR,/perm/pad/fluxnet-shuttle-ecland/flux/shuttle-all775-era5/US-xWR_2019-2024_FLUXNET2015_Flux.nc,2019,2024,/perm/pad/fluxnet-shuttle-ecland/soil/shuttle-all775-era5/soil_US-xWR_2019-2024.nc,2019.0,2024.0,45.820499420166016,-121.95189666748047,ENF,105216,True,78004,15.423306247530181
US-xYE,/perm/pad/fluxnet-shuttle-ecland/flux/shuttle-all775-era5/US-xYE_2019-2024_FLUXNET2015_Flux.nc,2019,2024,/perm/pad/fluxnet-shuttle-ecland/soil/shuttle-all775-era5/soil_US-xYE_2019-2024.nc,2019.0,2024.0,44.95349884033203,-110.53910064697266,ENF,105216,True,81874,15.876365710542519
VU-Coc,/perm/pad/fluxnet-shuttle-ecland/flux/shuttle-all775-era5/VU-Coc_2002-2003_FLUXNET2015_Flux.nc,2002,2003,/perm/pad/fluxnet-shuttle-ecland/soil/shuttle-all775-era5/soil_VU-Coc_2001-2004.nc,2001.0,2004.0,-15.442720413208008,167.1919403076172,EBF,35040,True,340754,19.764957277700628
ZA-BfK,/perm/pad/fluxnet-shuttle-ecland/flux/shuttle-all775-era5/ZA-BfK_2021-2024_FLUXNET2015_Flux.nc,2021,2024,/perm/pad/fluxnet-shuttle-ecland/soil/shuttle-all775-era5/soil_ZA-BfK_2020-2024.nc,2020.0,2024.0,-28.856483459472656,24.8398494720459,OSH,70128,True,399400,15.882172774694824
ZA-BfS,/perm/pad/fluxnet-shuttle-ecland/flux/shuttle-all775-era5/ZA-BfS_2021-2024_FLUXNET2015_Flux.nc,2021,2024,/perm/pad/fluxnet-shuttle-ecland/soil/shuttle-all775-era5/soil_ZA-BfS_2020-2024.nc,2020.0,2024.0,-28.890600204467773,24.861120223999023,OSH,70128,True,399401,16.500621519397658
ZA-Jks,/perm/pad/fluxnet-shuttle-ecland/flux/shuttle-all775-era5/ZA-Jks_2024-2024_FLUXNET2015_Flux.nc,2024,2024,/perm/pad/fluxnet-shuttle-ecland/soil/shuttle-all775-era5/soil_ZA-Jks_2024-2024.nc,2024.0,2024.0,-33.990291595458984,18.955429077148438,GRA,17568,True,419792,15.657215965284797
ZA-Spk,/perm/pad/fluxnet-shuttle-ecland/flux/shuttle-all775-era5/ZA-Spk_2024-2024_FLUXNET2015_Flux.nc,2024,2024,/perm/pad/fluxnet-shuttle-ecland/soil/shuttle-all775-era5/soil_ZA-Spk_2023-2024.nc,2023.0,2024.0,-28.70408058166504,29.526140213012695,GRA,17568,True,399415,18.561672332462944
ZA-Uby,/perm/pad/fluxnet-shuttle-ecland/flux/shuttle-all775-era5/ZA-Uby_2024-2024_FLUXNET2015_Flux.nc,2024,2024,/perm/pad/fluxnet-shuttle-ecland/soil/shuttle-all775-era5/soil_ZA-Uby_2023-2024.nc,2023.0,2024.0,-27.395200729370117,32.58890151977539,GRA,17568,True,393574,10.983495588029163
ZM-Mon,/perm/pad/fluxnet-shuttle-ecland/flux/shuttle-all775-era5/ZM-Mon_2008-2008_FLUXNET2015_Flux.nc,2008,2008,/perm/pad/fluxnet-shuttle-ecland/soil/shuttle-all775-era5/soil_ZM-Mon_2007-2009.nc,2007.0,2009.0,-15.43777847290039,23.25278091430664,DBF,17568,True,340243,16.67400890464013
